rule_id,category,requirement_summary,requirement_level,source_id,source_filename,source_authority,source_locator,source_text_paraphrase,exact_numeric_value,unit,applies_to,implementation_layer,automatic_or_manual,validation_method,phase2_5_target_step,conflict_group,status,notes
"HFUT-WEB-001","GENERAL_MANUSCRIPT","稿件须包含中英文题名、作者名、单位及所在地和邮编、摘要、关键词，以及中图分类号、正文、参考文献和作者简介","MANDATORY","HFUT_WEB_EXCERPT_PDF","摘录-202608052030.pdf","USER_CAPTURED_WEB_EXCERPT_OF_OFFICIAL_GUIDE","page 1; section 1 来稿要求","征稿简则使用必须并列出完整稿件构成","","","full manuscript","MARKDOWN_SOURCE","HYBRID","front-matter field inventory plus Word review","STEP_5","","TEXTUALLY_EXPLICIT_REQUIREMENT","网页摘录不是模板原件；文字可追溯至目标期刊投稿指南"
"HFUT-WEB-002","TITLE_AUTHOR_AFFILIATION","中文题名一般不超过20个汉字","RECOMMENDED","HFUT_WEB_EXCERPT_PDF","摘录-202608052030.pdf","USER_CAPTURED_WEB_EXCERPT_OF_OFFICIAL_GUIDE","page 1; section 1.1 题名","中文题名通常控制在20个汉字以内","20","Chinese characters","Chinese title","MARKDOWN_SOURCE","AUTOMATIC","Unicode Han-character count followed by editorial review","STEP_5","CG-TITLE-LENGTH","TEXTUALLY_EXPLICIT_REQUIREMENT","附件候选使用更强的“不超过”；严格性待项目确认"
"HFUT-WEB-003","TITLE_AUTHOR_AFFILIATION","一般不使用副题名","RECOMMENDED","HFUT_WEB_EXCERPT_PDF","摘录-202608052030.pdf","USER_CAPTURED_WEB_EXCERPT_OF_OFFICIAL_GUIDE","page 1; section 1.1 题名","投稿指南通常不建议副题名","","","Chinese title","MARKDOWN_SOURCE","AUTOMATIC","check title field contains no subtitle separator","STEP_5","","TEXTUALLY_EXPLICIT_REQUIREMENT","当前文章无副题名计划"
"HFUT-WEB-004","TITLE_AUTHOR_AFFILIATION","英文题名应与中文题名含义一致","MANDATORY","HFUT_WEB_EXCERPT_PDF","摘录-202608052030.pdf","USER_CAPTURED_WEB_EXCERPT_OF_OFFICIAL_GUIDE","page 1; section 1.1 题名","中英文题名语义须对应","","","bilingual title","MARKDOWN_SOURCE","MANUAL","bilingual semantic review","FINAL_SUBMISSION_REVIEW","","TEXTUALLY_EXPLICIT_REQUIREMENT",""
"HFUT-WEB-005","ABSTRACT","中文摘要尽量写成报道性摘要并覆盖目的、方法、结果和结论","RECOMMENDED","HFUT_WEB_EXCERPT_PDF","摘录-202608052030.pdf","USER_CAPTURED_WEB_EXCERPT_OF_OFFICIAL_GUIDE","page 1; section 1.2 摘要","指南建议报道性四要素摘要","","","Chinese abstract","MARKDOWN_SOURCE","MANUAL","four-element content checklist","SOURCE_WRITING","","TEXTUALLY_EXPLICIT_REQUIREMENT",""
"HFUT-WEB-006","ABSTRACT","中文摘要应具独立性和自明性且一般不少于150字","MANDATORY","HFUT_WEB_EXCERPT_PDF","摘录-202608052030.pdf","USER_CAPTURED_WEB_EXCERPT_OF_OFFICIAL_GUIDE","page 1; section 1.2 摘要","摘要须自包含；通常至少150字","150","Chinese characters minimum","Chinese abstract","MARKDOWN_SOURCE","HYBRID","character count plus manual self-containment review","SOURCE_WRITING","","TEXTUALLY_EXPLICIT_REQUIREMENT","数量表达含“一般”，最低值按投稿验收保守执行"
"HFUT-WEB-007","ABSTRACT","摘要应采用第三人称，不重复题名信息，不写引言内容，并避免图表、公式和参考文献序号","MANDATORY","HFUT_WEB_EXCERPT_PDF","摘录-202608052030.pdf","USER_CAPTURED_WEB_EXCERPT_OF_OFFICIAL_GUIDE","page 1; section 1.2 摘要","投稿指南明确摘要写法和禁止项","","","Chinese abstract","MARKDOWN_SOURCE","HYBRID","pattern scan plus editorial review","SOURCE_WRITING","","TEXTUALLY_EXPLICIT_REQUIREMENT",""
"HFUT-WEB-008","ABSTRACT","英文摘要应与中文摘要文意一致并满足摘要写作要求","MANDATORY","HFUT_WEB_EXCERPT_PDF","摘录-202608052030.pdf","USER_CAPTURED_WEB_EXCERPT_OF_OFFICIAL_GUIDE","page 1; section 1.2 摘要","英文摘要与中文摘要语义一致","","","English abstract","MARKDOWN_SOURCE","MANUAL","bilingual semantic review","FINAL_SUBMISSION_REVIEW","","TEXTUALLY_EXPLICIT_REQUIREMENT",""
"HFUT-WEB-009","KEYWORDS_CLASSIFICATION","中文关键词不少于4个且选词规范","MANDATORY","HFUT_WEB_EXCERPT_PDF","摘录-202608052030.pdf","USER_CAPTURED_WEB_EXCERPT_OF_OFFICIAL_GUIDE","page 1; section 1.3 关键词","至少标注4个规范中文关键词","4","keywords minimum","Chinese keywords","MARKDOWN_SOURCE","HYBRID","count and terminology review","SOURCE_WRITING","","TEXTUALLY_EXPLICIT_REQUIREMENT",""
"HFUT-WEB-010","KEYWORDS_CLASSIFICATION","英文关键词与中文关键词一一对应；英文缩写先给出全称","MANDATORY","HFUT_WEB_EXCERPT_PDF","摘录-202608052030.pdf","USER_CAPTURED_WEB_EXCERPT_OF_OFFICIAL_GUIDE","page 1; section 1.3 关键词","双语关键词数量和含义对应，缩写先释全称","","","bilingual keywords","MARKDOWN_SOURCE","HYBRID","paired-list comparison and first-use review","SOURCE_WRITING","","TEXTUALLY_EXPLICIT_REQUIREMENT",""
"HFUT-WEB-011","GENERAL_MANUSCRIPT","稿件篇幅一般在10000字以内","RECOMMENDED","HFUT_WEB_EXCERPT_PDF","摘录-202608052030.pdf","USER_CAPTURED_WEB_EXCERPT_OF_OFFICIAL_GUIDE","page 1; section 1.4 正文","全文通常不超过10000字","10000","Chinese characters maximum","full manuscript","MARKDOWN_SOURCE","AUTOMATIC","character-count script plus Word count comparison","FINAL_SUBMISSION_REVIEW","","TEXTUALLY_EXPLICIT_REQUIREMENT",""
"HFUT-WEB-012","HEADING_BODY","引言应覆盖研究背景、问题与范围、相关文献、方法和主要结果，并尤其反映近2年成果","MANDATORY","HFUT_WEB_EXCERPT_PDF","摘录-202608052030.pdf","USER_CAPTURED_WEB_EXCERPT_OF_OFFICIAL_GUIDE","page 1; section 1.4 正文","指南用应规定引言内容，并强调最近2年研究","2","years","introduction","MARKDOWN_SOURCE","MANUAL","content and dated-literature review","SOURCE_WRITING","","TEXTUALLY_EXPLICIT_REQUIREMENT","近2年基于最终投稿时点滚动核验"
"HFUT-WEB-013","HEADING_BODY","结论应由观测和实验结果引申，不能简单复述结果，观点应明确且实事求是","MANDATORY","HFUT_WEB_EXCERPT_PDF","摘录-202608052030.pdf","USER_CAPTURED_WEB_EXCERPT_OF_OFFICIAL_GUIDE","page 1; section 1.4 正文","指南明确结论的证据和写法约束","","","conclusion","MARKDOWN_SOURCE","MANUAL","claim-evidence review","SOURCE_WRITING","","TEXTUALLY_EXPLICIT_REQUIREMENT",""
"HFUT-WEB-014","HEADING_BODY","非公知外文缩写在正文首次出现时须给中文翻译或外文全称","MANDATORY","HFUT_WEB_EXCERPT_PDF","摘录-202608052030.pdf","USER_CAPTURED_WEB_EXCERPT_OF_OFFICIAL_GUIDE","page 1; section 1.4 正文","非常用缩写首次出现必须释义","","","body abbreviations","MARKDOWN_SOURCE","HYBRID","first-use glossary scan plus manual review","SOURCE_WRITING","","TEXTUALLY_EXPLICIT_REQUIREMENT",""
"HFUT-WEB-015","HEADING_BODY","量和单位须符合国家法定计量单位最新标准，并区分大小写、正斜体、黑白体和上下标","MANDATORY","HFUT_WEB_EXCERPT_PDF","摘录-202608052030.pdf","USER_CAPTURED_WEB_EXCERPT_OF_OFFICIAL_GUIDE","page 1; section 1.5 量和单位","量、单位和外文字符形式必须规范","","","body; equations; figures; tables","MARKDOWN_SOURCE","HYBRID","symbol inventory plus Word visual review","FINAL_SUBMISSION_REVIEW","","TEXTUALLY_EXPLICIT_REQUIREMENT","最新标准版本需在最终投稿前复核"
"HFUT-WEB-016","FIGURE","图应自明、简明清晰，图中文字、符号和坐标标值清楚且与正文一致","MANDATORY","HFUT_WEB_EXCERPT_PDF","摘录-202608052030.pdf","USER_CAPTURED_WEB_EXCERPT_OF_OFFICIAL_GUIDE","page 1; section 1.6 图、表","图的自明性、清晰度及正文一致性是明确要求","","","all figures","WORD_MANUAL","MANUAL","figure-by-figure Word inspection","WINDOWS_WORD_REVIEW","","TEXTUALLY_EXPLICIT_REQUIREMENT",""
"HFUT-WEB-017","FIGURE","图片应图像清晰、层次分明","MANDATORY","HFUT_WEB_EXCERPT_PDF","摘录-202608052030.pdf","USER_CAPTURED_WEB_EXCERPT_OF_OFFICIAL_GUIDE","page 1; section 1.6 图、表","图片须清晰且层次明确","","","raster or rendered figures","WORD_MANUAL","MANUAL","100% and print-preview inspection","WINDOWS_WORD_REVIEW","","TEXTUALLY_EXPLICIT_REQUIREMENT","未给出DPI"
"HFUT-WEB-018","TABLE","表格一律采用三线表","MANDATORY","HFUT_WEB_EXCERPT_PDF","摘录-202608052030.pdf","USER_CAPTURED_WEB_EXCERPT_OF_OFFICIAL_GUIDE","page 1; section 1.6 图、表","所有表格使用三线表","3","rules","all tables","POST_BUILD_OOXML","HYBRID","OOXML border inspection plus Word review","DOCX_POSTPROCESS","","TEXTUALLY_EXPLICIT_REQUIREMENT",""
"HFUT-WEB-019","FIGURE_TABLE","图表数值须标明明确的量和单位","MANDATORY","HFUT_WEB_EXCERPT_PDF","摘录-202608052030.pdf","USER_CAPTURED_WEB_EXCERPT_OF_OFFICIAL_GUIDE","page 1; section 1.6 图、表","图表中的数值配套量与单位","","","figures and tables","MARKDOWN_SOURCE","HYBRID","axis/header audit plus visual review","FINAL_SUBMISSION_REVIEW","","TEXTUALLY_EXPLICIT_REQUIREMENT",""
"HFUT-WEB-020","REFERENCES","参考文献按本刊下载中心格式著录","MANDATORY","HFUT_WEB_EXCERPT_PDF","摘录-202608052030.pdf","USER_CAPTURED_WEB_EXCERPT_OF_OFFICIAL_GUIDE","page 1; section 1.7 参考文献","指南要求严格遵循本刊参考文献附件","","","reference list","CSL","HYBRID","CSL output comparison against attachment patterns","STEP_6","","TEXTUALLY_EXPLICIT_REQUIREMENT","自动化能力待POC"
"HFUT-WEB-021","REFERENCES","应注意引用近3年国内外及本刊最新文献","MANDATORY","HFUT_WEB_EXCERPT_PDF","摘录-202608052030.pdf","USER_CAPTURED_WEB_EXCERPT_OF_OFFICIAL_GUIDE","page 1; section 1.7 参考文献","参考文献应覆盖近3年、国内外和本刊来源","3","years","reference selection","ZOTERO_BIBTEX","HYBRID","bibliography date/source distribution review","SOURCE_WRITING","","TEXTUALLY_EXPLICIT_REQUIREMENT","不要求为凑数引用无关文献"
"HFUT-WEB-022","REFERENCES","引用文献应为作者读过的主要文献且发表于正式出版物","MANDATORY","HFUT_WEB_EXCERPT_PDF","摘录-202608052030.pdf","USER_CAPTURED_WEB_EXCERPT_OF_OFFICIAL_GUIDE","page 1; section 1.7 参考文献","来源须真实、已读、主要且正式出版","","","reference selection","ZOTERO_BIBTEX","MANUAL","source-read ledger and publication verification","SOURCE_WRITING","","TEXTUALLY_EXPLICIT_REQUIREMENT","不得虚构或自动纳入视觉样例论文"
"HFUT-WEB-023","REFERENCES","采用顺序编码制，序号按正文首次出现顺序排列并在相应处标出","MANDATORY","HFUT_WEB_EXCERPT_PDF","摘录-202608052030.pdf","USER_CAPTURED_WEB_EXCERPT_OF_OFFICIAL_GUIDE","page 1; section 1.7 参考文献","引用采用按出现顺序编号","","","citations and reference list","CSL","AUTOMATIC","citation-order validation in built DOCX","STEP_6","","TEXTUALLY_EXPLICIT_REQUIREMENT",""
"HFUT-WEB-024","REFERENCES","参考文献一般不得少于8篇","RECOMMENDED","HFUT_WEB_EXCERPT_PDF","摘录-202608052030.pdf","USER_CAPTURED_WEB_EXCERPT_OF_OFFICIAL_GUIDE","page 1; section 1.7 参考文献","通常至少8篇参考文献","8","references minimum","reference list","ZOTERO_BIBTEX","AUTOMATIC","bibliography entry count","FINAL_SUBMISSION_REVIEW","","TEXTUALLY_EXPLICIT_REQUIREMENT","只计真实、已读且实际引用的条目"
"HFUT-WEB-025","TITLE_AUTHOR_AFFILIATION","首页页脚作者简介包括姓名、出生年份、性别、籍贯、学位和职称","MANDATORY","HFUT_WEB_EXCERPT_PDF","摘录-202608052030.pdf","USER_CAPTURED_WEB_EXCERPT_OF_OFFICIAL_GUIDE","page 1; section 1.8 作者简介、基金项目","作者简介字段及首页页脚位置均被明确要求","","","author copy","WORD_MANUAL","MANUAL","first-page footer field review","WINDOWS_WORD_REVIEW","","TEXTUALLY_EXPLICIT_REQUIREMENT","匿名稿不保留作者相关信息"
"HFUT-WEB-026","TITLE_AUTHOR_AFFILIATION","基金项目存在时注明项目类型和编号","MANDATORY","HFUT_WEB_EXCERPT_PDF","摘录-202608052030.pdf","USER_CAPTURED_WEB_EXCERPT_OF_OFFICIAL_GUIDE","page 1; section 1.8 作者简介、基金项目","基金信息由类型与项目编号组成","","","funded manuscripts","MARKDOWN_SOURCE","MANUAL","funding source document comparison","FINAL_SUBMISSION_REVIEW","","TEXTUALLY_EXPLICIT_REQUIREMENT","仅在当前论文确有基金时适用；不得编造"
"HFUT-WEB-027","SUBMISSION_ANONYMIZATION","通过期刊网站注册并在线投稿","MANDATORY","HFUT_WEB_EXCERPT_PDF","摘录-202608052030.pdf","USER_CAPTURED_WEB_EXCERPT_OF_OFFICIAL_GUIDE","page 1; section 2.1 投稿约定","投稿渠道为目标期刊线上系统","","","submission process","WORD_MANUAL","MANUAL","submission portal checklist","FINAL_SUBMISSION_REVIEW","","TEXTUALLY_EXPLICIT_REQUIREMENT",""
"HFUT-WEB-028","SUBMISSION_ANONYMIZATION","原稿和送审稿均使用Word文档","MANDATORY","HFUT_WEB_EXCERPT_PDF","摘录-202608052030.pdf","USER_CAPTURED_WEB_EXCERPT_OF_OFFICIAL_GUIDE","page 1; section 2.2 投稿约定","作者稿与送审稿文件格式均为Word","","Word document","author and review copies","PANDOC_BUILD","HYBRID","file extension and Word-open validation","STEP_7","","TEXTUALLY_EXPLICIT_REQUIREMENT","DOC或DOCX的精确扩展名未明确"
"HFUT-WEB-029","SUBMISSION_ANONYMIZATION","送审稿务必删除作者相关信息","MANDATORY","HFUT_WEB_EXCERPT_PDF","摘录-202608052030.pdf","USER_CAPTURED_WEB_EXCERPT_OF_OFFICIAL_GUIDE","page 1; section 2.2 投稿约定","匿名送审稿必须去除作者相关信息","","","review copy","WORD_MANUAL","MANUAL","content and document-inspector anonymization review","WINDOWS_WORD_REVIEW","","TEXTUALLY_EXPLICIT_REQUIREMENT","具体字段范围未逐项列明，另见HFUT-WEB-031"
"HFUT-WEB-030","SUBMISSION_ANONYMIZATION","投稿平台须准确填写所有作者联系方式","MANDATORY","HFUT_WEB_EXCERPT_PDF","摘录-202608052030.pdf","USER_CAPTURED_WEB_EXCERPT_OF_OFFICIAL_GUIDE","page 2; section 2.6 投稿约定","联系方式在投稿系统中完整准确填写","","","submission metadata","WORD_MANUAL","MANUAL","portal metadata review","FINAL_SUBMISSION_REVIEW","","TEXTUALLY_EXPLICIT_REQUIREMENT","联系方式不等于必须写入匿名稿"
"HFUT-WEB-031","SUBMISSION_ANONYMIZATION","匿名稿对基金、致谢、联系方式、文件属性、批注和修订记录的具体删除范围未逐项明确","PENDING_VERIFICATION","HFUT_WEB_EXCERPT_PDF","摘录-202608052030.pdf","USER_CAPTURED_WEB_EXCERPT_OF_OFFICIAL_GUIDE","page 1; section 2.2 投稿约定","原文只说删除作者相关信息，未枚举所有潜在身份字段","","","review copy","WORD_MANUAL","MANUAL","journal confirmation plus Word Document Inspector","STEP_7","","PENDING_VERIFICATION","保守验收建议全部检查，但不得冒充已明确的投稿规则"
"HFUT-WEB-032","GENERAL_MANUSCRIPT","页面尺寸、页边距、分栏、正文段距和首行缩进未在网页摘录中给出","PENDING_VERIFICATION","HFUT_WEB_EXCERPT_PDF","摘录-202608052030.pdf","USER_CAPTURED_WEB_EXCERPT_OF_OFFICIAL_GUIDE","pages 1-2; full extracted text review","未发现这些精确版式参数","","","document layout","REFERENCE_DOCX","HYBRID","Step 3 style/XML analysis and Windows comparison","STEP_3","","STYLE_EMBEDDED_PENDING_STEP3","不得依据成刊页面估算"
"HFUT-WEB-033","TITLE_AUTHOR_AFFILIATION","文章编号、收稿日期和修回日期是否由作者提供未在投稿指南摘录中明确","PENDING_VERIFICATION","HFUT_WEB_EXCERPT_PDF","摘录-202608052030.pdf","USER_CAPTURED_WEB_EXCERPT_OF_OFFICIAL_GUIDE","pages 1-2; full extracted text review","必备稿件构成未列文章编号、收稿日期或修回日期","","","submission front matter","NOT_YET_DECIDED","MANUAL","journal confirmation and Step 3 source review","STEP_3","","PENDING_VERIFICATION","成刊页面出现这些字段只能构成EXAMPLE_ONLY"
"HFUT-FMT-001","TITLE_AUTHOR_AFFILIATION","中文题名不超过20字","MANDATORY","HFUT_FMT_DOC","《合肥工业大学学报（自然科学版）》排版格式及相关要求.doc","OFFICIAL_JOURNAL_ATTACHMENT_CANDIDATE","heading 排版格式及相关要求; P002","附件候选标题括注明确20字上限","20","Chinese characters maximum","Chinese title","MARKDOWN_SOURCE","AUTOMATIC","Unicode Han-character count plus manual check","STEP_5","CG-TITLE-LENGTH","TEXTUALLY_EXPLICIT_REQUIREMENT","官方页面标题已在线核对；下载payload与本地文件未完成哈希链核验"
"HFUT-FMT-002","TITLE_AUTHOR_AFFILIATION","作者单位给出二级单位、省、市和邮编","MANDATORY","HFUT_FMT_DOC","《合肥工业大学学报（自然科学版）》排版格式及相关要求.doc","OFFICIAL_JOURNAL_ATTACHMENT_CANDIDATE","front matter example; P003-P004","单位信息明确列出二级单位和地域邮编字段","","","Chinese affiliations","MARKDOWN_SOURCE","MANUAL","affiliation field checklist","SOURCE_WRITING","","TEXTUALLY_EXPLICIT_REQUIREMENT",""
"HFUT-FMT-003","ABSTRACT","中文摘要标签为小五号黑体，摘要正文为小五号宋体、14磅行距","MANDATORY","HFUT_FMT_DOC","《合肥工业大学学报（自然科学版）》排版格式及相关要求.doc","OFFICIAL_JOURNAL_ATTACHMENT_CANDIDATE","front matter 摘要; P005","附件文字直接给出摘要标签、正文字体字号和行距","小五;14","Chinese font size; pt line spacing","Chinese abstract","REFERENCE_DOCX","HYBRID","Step 3 style inspection then Word measurement","STEP_3","","TEXTUALLY_EXPLICIT_REQUIREMENT","正式样式名称和继承关系待Step 3"
"HFUT-FMT-004","ABSTRACT","中文摘要以约300字为宜","RECOMMENDED","HFUT_FMT_DOC","《合肥工业大学学报（自然科学版）》排版格式及相关要求.doc","OFFICIAL_JOURNAL_ATTACHMENT_CANDIDATE","front matter 摘要; P005","附件建议摘要约300字","300","Chinese characters approximate","Chinese abstract","MARKDOWN_SOURCE","AUTOMATIC","character count with editorial tolerance","SOURCE_WRITING","","TEXTUALLY_EXPLICIT_REQUIREMENT","与网页一般不少于150字兼容"
"HFUT-FMT-005","KEYWORDS_CLASSIFICATION","关键词标签为小五号黑体，内容为小五号宋体；选词规范并避免泛词","MANDATORY","HFUT_FMT_DOC","《合肥工业大学学报（自然科学版）》排版格式及相关要求.doc","OFFICIAL_JOURNAL_ATTACHMENT_CANDIDATE","front matter 关键词; P006","附件给出关键词字体并要求避免泛词","小五","Chinese font size","Chinese keywords","REFERENCE_DOCX","HYBRID","style inspection plus terminology review","STEP_3","","TEXTUALLY_EXPLICIT_REQUIREMENT",""
"HFUT-FMT-006","KEYWORDS_CLASSIFICATION","中图分类号为必填项","MANDATORY","HFUT_FMT_DOC","《合肥工业大学学报（自然科学版）》排版格式及相关要求.doc","OFFICIAL_JOURNAL_ATTACHMENT_CANDIDATE","front matter 中图分类号; P007","附件明确标注中图分类号必填","","","front matter","MARKDOWN_SOURCE","MANUAL","classification lookup and subject review","SOURCE_WRITING","","TEXTUALLY_EXPLICIT_REQUIREMENT","示例TU 411.01不是当前论文分类号"
"HFUT-FMT-007","KEYWORDS_CLASSIFICATION","文献标识码A仅在附件样例中出现，作者是否填写及取值待核验","PENDING_VERIFICATION","HFUT_FMT_DOC","《合肥工业大学学报（自然科学版）》排版格式及相关要求.doc","OFFICIAL_JOURNAL_ATTACHMENT_CANDIDATE","front matter 中图分类号; P007","附件显示文献标识码A但未说明填写责任或通用性","A","code shown","front matter","NOT_YET_DECIDED","MANUAL","Step 3 visual/style review and journal confirmation","STEP_3","","PENDING_VERIFICATION","不得把示例A自动套用"
"HFUT-FMT-008","TITLE_AUTHOR_AFFILIATION","英文题名采用句首字母和专有名词大写","MANDATORY","HFUT_FMT_DOC","《合肥工业大学学报（自然科学版）》排版格式及相关要求.doc","OFFICIAL_JOURNAL_ATTACHMENT_CANDIDATE","English title; P008","附件明确英文题名大小写方式","","","English title","MARKDOWN_SOURCE","HYBRID","capitalization linter plus manual proper-noun review","SOURCE_WRITING","","TEXTUALLY_EXPLICIT_REQUIREMENT",""
"HFUT-FMT-009","TITLE_AUTHOR_AFFILIATION","英文作者姓名姓全大写、名首字母大写","MANDATORY","HFUT_FMT_DOC","《合肥工业大学学报（自然科学版）》排版格式及相关要求.doc","OFFICIAL_JOURNAL_ATTACHMENT_CANDIDATE","English authors; P009","附件明确英文姓名大小写","","","English author names","MARKDOWN_SOURCE","HYBRID","name-format pattern and author confirmation","SOURCE_WRITING","","TEXTUALLY_EXPLICIT_REQUIREMENT",""
"HFUT-FMT-010","ABSTRACT","英文摘要使用五号Times New Roman，并与中文摘要文意一致","MANDATORY","HFUT_FMT_DOC","《合肥工业大学学报（自然科学版）》排版格式及相关要求.doc","OFFICIAL_JOURNAL_ATTACHMENT_CANDIDATE","English abstract; P011","附件给出英文字体字号和双语一致要求","五号","font size","English abstract","REFERENCE_DOCX","HYBRID","Step 3 style inspection plus bilingual review","STEP_3","","TEXTUALLY_EXPLICIT_REQUIREMENT",""
"HFUT-FMT-011","KEYWORDS_CLASSIFICATION","英文关键词与中文关键词词义、数量和顺序一致","MANDATORY","HFUT_FMT_DOC","《合肥工业大学学报（自然科学版）》排版格式及相关要求.doc","OFFICIAL_JOURNAL_ATTACHMENT_CANDIDATE","English keywords; P012","附件明确三项一一对应","","","English keywords","MARKDOWN_SOURCE","HYBRID","paired-list comparison","SOURCE_WRITING","","TEXTUALLY_EXPLICIT_REQUIREMENT",""
"HFUT-FMT-012","HEADING_BODY","正文中文为五号宋体，英文为五号Times New Roman","MANDATORY","HFUT_FMT_DOC","《合肥工业大学学报（自然科学版）》排版格式及相关要求.doc","OFFICIAL_JOURNAL_ATTACHMENT_CANDIDATE","正文起始; P013-P014","附件在正文起始处标明正文字体字号","五号","font size","body text","REFERENCE_DOCX","HYBRID","Step 3 style/XML inspection and Word review","STEP_3","","TEXTUALLY_EXPLICIT_REQUIREMENT","正文行距和段距未文字给出"
"HFUT-FMT-013","HEADING_BODY","引言编号为0，一级标题为四号黑体并顶格左排","MANDATORY","HFUT_FMT_DOC","《合肥工业大学学报（自然科学版）》排版格式及相关要求.doc","OFFICIAL_JOURNAL_ATTACHMENT_CANDIDATE","heading examples; P013 and P016","附件明确引言与一级标题编号、字体字号和对齐","0;四号","heading number;font size","level-1 headings","REFERENCE_DOCX","HYBRID","heading-text scan and Word style review","STEP_3","","TEXTUALLY_EXPLICIT_REQUIREMENT",""
"HFUT-FMT-014","HEADING_BODY","二级标题使用五号黑体，编号形式为1.1","MANDATORY","HFUT_FMT_DOC","《合肥工业大学学报（自然科学版）》排版格式及相关要求.doc","OFFICIAL_JOURNAL_ATTACHMENT_CANDIDATE","heading examples; P017 and P023","附件给出二级标题字体字号和编号形式","五号","font size","level-2 headings","REFERENCE_DOCX","HYBRID","heading hierarchy scan and Word review","STEP_3","","TEXTUALLY_EXPLICIT_REQUIREMENT",""
"HFUT-FMT-015","HEADING_BODY","三级标题使用五号楷体，编号形式为1.1.1","MANDATORY","HFUT_FMT_DOC","《合肥工业大学学报（自然科学版）》排版格式及相关要求.doc","OFFICIAL_JOURNAL_ATTACHMENT_CANDIDATE","heading examples; P018-P021","附件给出三级标题字体字号和编号形式","五号","font size","level-3 headings","REFERENCE_DOCX","HYBRID","heading hierarchy scan and Word review","STEP_3","","TEXTUALLY_EXPLICIT_REQUIREMENT",""
"HFUT-FMT-016","HEADING_BODY","各级标题不得转行","MANDATORY","HFUT_FMT_DOC","《合肥工业大学学报（自然科学版）》排版格式及相关要求.doc","OFFICIAL_JOURNAL_ATTACHMENT_CANDIDATE","heading examples; P019","附件明确各级标题均不转行","","","all headings","WORD_MANUAL","MANUAL","Word pagination/layout review","WINDOWS_WORD_REVIEW","","TEXTUALLY_EXPLICIT_REQUIREMENT",""
"HFUT-FMT-017","MATHEMATICAL_EXPRESSIONS","公式参照GB/T 7713.2—2022和GB 3102.11-93","MANDATORY","HFUT_FMT_DOC","《合肥工业大学学报（自然科学版）》排版格式及相关要求.doc","OFFICIAL_JOURNAL_ATTACHMENT_CANDIDATE","section 2 公式要求; P026","附件明确引用两项公式规范","GB/T 7713.2—2022;GB 3102.11-93","standard identifiers","all equations","MATHTYPE_MANUAL","MANUAL","standard-copy access and equation audit","STEP_6","","TEXTUALLY_EXPLICIT_REQUIREMENT","两项标准正文未纳入当前输入，细则不可补写"
"HFUT-FMT-018","MATHEMATICAL_EXPRESSIONS","公式必须用MathType录入编辑并以正确数学形式表示","MANDATORY","HFUT_FMT_DOC","《合肥工业大学学报（自然科学版）》排版格式及相关要求.doc","OFFICIAL_JOURNAL_ATTACHMENT_CANDIDATE","section 2 公式要求; P027","附件明确指定MathType且使用必须","","","all equations","MATHTYPE_MANUAL","MANUAL","Windows Word object inspection","STEP_7","","TEXTUALLY_EXPLICIT_REQUIREMENT","Markdown到MathType自动转换程度待Step 6 POC"
"HFUT-FMT-019","MATHEMATICAL_EXPRESSIONS","变量用斜体；角标一般正体，角标为变量时用斜体","MANDATORY","HFUT_FMT_DOC","《合肥工业大学学报（自然科学版）》排版格式及相关要求.doc","OFFICIAL_JOURNAL_ATTACHMENT_CANDIDATE","section 2 公式要求; P028","附件明确变量和角标正斜体规则","","","equation symbols","MATHTYPE_MANUAL","MANUAL","symbol-by-symbol MathType review","STEP_7","","TEXTUALLY_EXPLICIT_REQUIREMENT",""
"HFUT-FMT-020","MATHEMATICAL_EXPRESSIONS","除函数名和特殊物理量外变量用单字母，可加下标区分含义","MANDATORY","HFUT_FMT_DOC","《合肥工业大学学报（自然科学版）》排版格式及相关要求.doc","OFFICIAL_JOURNAL_ATTACHMENT_CANDIDATE","section 2 公式要求; P029","附件规定一般变量的命名形式","1","letter","equation variables","MARKDOWN_SOURCE","MANUAL","notation inventory review","SOURCE_WRITING","","TEXTUALLY_EXPLICIT_REQUIREMENT",""
"HFUT-FMT-021","MATHEMATICAL_EXPRESSIONS","矩阵、向量和矢量使用粗斜体字母","MANDATORY","HFUT_FMT_DOC","《合肥工业大学学报（自然科学版）》排版格式及相关要求.doc","OFFICIAL_JOURNAL_ATTACHMENT_CANDIDATE","section 2 公式要求; P029 and P034","附件明确矩阵与向量字形","","","matrix and vector symbols","MATHTYPE_MANUAL","MANUAL","MathType visual inspection","STEP_7","","TEXTUALLY_EXPLICIT_REQUIREMENT",""
"HFUT-FMT-022","MATHEMATICAL_EXPRESSIONS","字母符号表示的变量应随公式解释含义","MANDATORY","HFUT_FMT_DOC","《合肥工业大学学报（自然科学版）》排版格式及相关要求.doc","OFFICIAL_JOURNAL_ATTACHMENT_CANDIDATE","section 2 公式要求; P036","附件明确公式符号释义","","","equations and following prose","MARKDOWN_SOURCE","MANUAL","equation-to-symbol-definition cross-check","SOURCE_WRITING","","TEXTUALLY_EXPLICIT_REQUIREMENT",""
"HFUT-FMT-023","MATHEMATICAL_EXPRESSIONS","公式编号位置、正文引用、公式后标点、长公式换行和精确字体未由提取文字可靠给出","PENDING_VERIFICATION","HFUT_FMT_DOC","《合肥工业大学学报（自然科学版）》排版格式及相关要求.doc","OFFICIAL_JOURNAL_ATTACHMENT_CANDIDATE","section 2 公式示例; P030-P035","公式本体在纯文本中丢失，仅残留编号","","","equations","MATHTYPE_MANUAL","MANUAL","controlled DOCX conversion and Windows visual comparison","STEP_3","","STYLE_EMBEDDED_PENDING_STEP3","不得由残留编号反推排版参数"
"HFUT-FMT-024","FIGURE","附图连续编号、先文后图，图上下各空1行","MANDATORY","HFUT_FMT_DOC","《合肥工业大学学报（自然科学版）》排版格式及相关要求.doc","OFFICIAL_JOURNAL_ATTACHMENT_CANDIDATE","section 3.1 插图; P040","附件明确图序、出现次序和上下空行","1","line above and below","all figures","WORD_MANUAL","MANUAL","figure-order and paragraph-spacing review","WINDOWS_WORD_REVIEW","","TEXTUALLY_EXPLICIT_REQUIREMENT",""
"HFUT-FMT-025","FIGURE","图中文字为六号宋体","MANDATORY","HFUT_FMT_DOC","《合肥工业大学学报（自然科学版）》排版格式及相关要求.doc","OFFICIAL_JOURNAL_ATTACHMENT_CANDIDATE","section 3.1 插图; P040","附件笼统给出图中文字字号字体","六号","font size","figure text","WORD_MANUAL","MANUAL","figure object inspection","STEP_7","CG-FIG-TEXT-SIZE","TEXTUALLY_EXPLICIT_REQUIREMENT","插图附件对Visio图给出8 pt，需按图类型核对"
"HFUT-FMT-026","FIGURE","曲线图建议用Origin并复制页面插入Word；不得截图或生成图片插入","MANDATORY","HFUT_FMT_DOC","《合肥工业大学学报（自然科学版）》排版格式及相关要求.doc","OFFICIAL_JOURNAL_ATTACHMENT_CANDIDATE","section 3.1 插图; P041","Origin是建议；禁止截图或图片化是明确禁止项","","","curve plots","ORIGIN_MANUAL","MANUAL","Word object/editability inspection","STEP_7","","TEXTUALLY_EXPLICIT_REQUIREMENT","工具偏好本身在HFUT-FIG-004单列为RECOMMENDED；本条聚焦插入限制"
"HFUT-FMT-027","TABLE","表格采用三线表、文表呼应且先文后表","MANDATORY","HFUT_FMT_DOC","《合肥工业大学学报（自然科学版）》排版格式及相关要求.doc","OFFICIAL_JOURNAL_ATTACHMENT_CANDIDATE","section 3.2 表格; P048","附件明确表型和出现次序","3","rules","all tables","POST_BUILD_OOXML","HYBRID","table order and OOXML border validation","DOCX_POSTPROCESS","","TEXTUALLY_EXPLICIT_REQUIREMENT",""
"HFUT-FMT-028","GENERAL_MANUSCRIPT","页面尺寸、页边距、分栏、段距、首行缩进及正文行距可能依赖DOC嵌入样式","PENDING_VERIFICATION","HFUT_FMT_DOC","《合肥工业大学学报（自然科学版）》排版格式及相关要求.doc","OFFICIAL_JOURNAL_ATTACHMENT_CANDIDATE","full normalized text P001-P135","纯文本未出现这些精确参数","","","document layout","REFERENCE_DOCX","HYBRID","Step 3 DOCX XML/style inspection","STEP_3","","STYLE_EMBEDDED_PENDING_STEP3","不依据成刊样例估算"
"HFUT-FMT-029","HEADING_BODY","正文通用标点、数字书写和外文字母细则未在提取文字中完整给出","PENDING_VERIFICATION","HFUT_FMT_DOC","《合肥工业大学学报（自然科学版）》排版格式及相关要求.doc","OFFICIAL_JOURNAL_ATTACHMENT_CANDIDATE","full normalized text P001-P135","除量、单位和正斜体外未形成完整通用标点与数字规则","","","body punctuation; numerals; foreign letters","NOT_YET_DECIDED","HYBRID","Step 3 review and cited-standard verification","STEP_3","","PENDING_VERIFICATION","不得以参考文献示例标点替代正文通用规则"
"HFUT-FIG-001","FIGURE","插图排版可参考CY/T 171—2019和GB/T 7713.2—2022","RECOMMENDED","HFUT_FIG_DOC","《合肥工业大学学报（自然科学版）》插图要求及示例.doc","OFFICIAL_JOURNAL_ATTACHMENT_CANDIDATE","section 1 插图要求; P003","附件使用可以参考描述两项规范","CY/T 171—2019;GB/T 7713.2—2022","standard identifiers","all figures","WORD_MANUAL","MANUAL","standards availability and figure review","STEP_7","","TEXTUALLY_EXPLICIT_REQUIREMENT","标准正文不在当前提取范围"
"HFUT-FIG-002","FIGURE","单栏图宽不大于7.5 cm，通栏图宽不大于16.0 cm","MANDATORY","HFUT_FIG_DOC","《合肥工业大学学报（自然科学版）》插图要求及示例.doc","OFFICIAL_JOURNAL_ATTACHMENT_CANDIDATE","section 1 插图要求; P004","附件明确两类图宽上限","7.5;16.0","cm maximum","single-column and full-width figures","POST_BUILD_OOXML","HYBRID","OOXML extent check and Word ruler review","DOCX_POSTPROCESS","","TEXTUALLY_EXPLICIT_REQUIREMENT",""
"HFUT-FIG-003","FIGURE","图中汉字用宋体，字母和数字用Times New Roman","MANDATORY","HFUT_FIG_DOC","《合肥工业大学学报（自然科学版）》插图要求及示例.doc","OFFICIAL_JOURNAL_ATTACHMENT_CANDIDATE","section 1 插图要求; P004","附件明确图中文字字体分工","","","figure text","ORIGIN_MANUAL","MANUAL","editable figure text inspection","STEP_7","","TEXTUALLY_EXPLICIT_REQUIREMENT",""
"HFUT-FIG-004","FIGURE","满足宽度后Visio图使用8 pt，其他图中文字相当于Word六号","MANDATORY","HFUT_FIG_DOC","《合肥工业大学学报（自然科学版）》插图要求及示例.doc","OFFICIAL_JOURNAL_ATTACHMENT_CANDIDATE","section 1 插图要求; P004","附件给出按图类型区分的字号","8;六号","pt;Word font size","figure text","VISIO_MANUAL","MANUAL","Word/Visio object font inspection","STEP_7","CG-FIG-TEXT-SIZE","TEXTUALLY_EXPLICIT_REQUIREMENT","与排版附件笼统六号要求按图类型解释，仍需Step 3视觉确认"
"HFUT-FIG-005","FIGURE","曲线图建议使用Origin绘制并以复制页面方式插入Word","RECOMMENDED","HFUT_FIG_DOC","《合肥工业大学学报（自然科学版）》插图要求及示例.doc","OFFICIAL_JOURNAL_ATTACHMENT_CANDIDATE","section 1 插图要求; P005","附件明确建议Origin工作流","","","curve plots","ORIGIN_MANUAL","MANUAL","source-object and insertion-method review","STEP_7","","TEXTUALLY_EXPLICIT_REQUIREMENT",""
"HFUT-FIG-006","FIGURE","曲线图不得截图或生成图片插入；须含曲线、坐标轴、刻度、数值、量和单位并删除底纹底色","MANDATORY","HFUT_FIG_DOC","《合肥工业大学学报（自然科学版）》插图要求及示例.doc","OFFICIAL_JOURNAL_ATTACHMENT_CANDIDATE","section 1 插图要求; P005","附件对曲线图组成、背景和可编辑插入作强制规定","","","curve plots","ORIGIN_MANUAL","MANUAL","plot content and Word object inspection","STEP_7","","TEXTUALLY_EXPLICIT_REQUIREMENT",""
"HFUT-FIG-007","FIGURE","流程图和框图使用Visio并复制到Word，不能生成图片","MANDATORY","HFUT_FIG_DOC","《合肥工业大学学报（自然科学版）》插图要求及示例.doc","OFFICIAL_JOURNAL_ATTACHMENT_CANDIDATE","section 1 插图要求; P006","附件直接指定流程图和框图工作流","","","flowcharts and block diagrams","VISIO_MANUAL","MANUAL","editable-object inspection in Word","STEP_7","","TEXTUALLY_EXPLICIT_REQUIREMENT",""
"HFUT-FIG-008","FIGURE","其他含文字图片在Visio中编辑文字、数字和字母，整图复制到Word且不能生成图片","MANDATORY","HFUT_FIG_DOC","《合肥工业大学学报（自然科学版）》插图要求及示例.doc","OFFICIAL_JOURNAL_ATTACHMENT_CANDIDATE","section 1 插图要求; P007","附件要求含文字图的可编辑Visio工作流","","","other figures containing text","VISIO_MANUAL","MANUAL","editable-object and text-layer inspection","STEP_7","","TEXTUALLY_EXPLICIT_REQUIREMENT","适用边界需结合具体图型人工判断"
"HFUT-FIG-009","FIGURE","文图呼应并先文后图","MANDATORY","HFUT_FIG_DOC","《合肥工业大学学报（自然科学版）》插图要求及示例.doc","OFFICIAL_JOURNAL_ATTACHMENT_CANDIDATE","section 1 插图要求; P008","正文先引用后出现图","","","all figures","MARKDOWN_SOURCE","HYBRID","cross-reference order scan","SOURCE_WRITING","","TEXTUALLY_EXPLICIT_REQUIREMENT",""
"HFUT-FIG-010","FIGURE","附图全文连续编号；子图用(a)、(b)、(c)等编号，正文引用形式如图1a","MANDATORY","HFUT_FIG_DOC","《合肥工业大学学报（自然科学版）》插图要求及示例.doc","OFFICIAL_JOURNAL_ATTACHMENT_CANDIDATE","section 1 插图要求; P009","附件明确主图、子图编号和正文引用形式","(a);(b);(c)","label pattern","all figures and subfigures","MARKDOWN_SOURCE","HYBRID","sequence and cross-reference validation","STEP_6","","TEXTUALLY_EXPLICIT_REQUIREMENT","子图题仅在需要时添加"
"HFUT-FIG-011","FIGURE","坐标轴标明物理量名称和国际标准单位，刻度线朝内；变量斜体、单位正体并用斜杠分隔，组合单位和角度单位加括号","MANDATORY","HFUT_FIG_DOC","《合肥工业大学学报（自然科学版）》插图要求及示例.doc","OFFICIAL_JOURNAL_ATTACHMENT_CANDIDATE","section 2 example 2; P015","示例说明段使用一定要和必须，包含完整轴标规则","","","coordinate plots","ORIGIN_MANUAL","MANUAL","axis-by-axis visual review","STEP_7","","TEXTUALLY_EXPLICIT_REQUIREMENT",""
"HFUT-FIG-012","FIGURE","柱状图应给出标目","MANDATORY","HFUT_FIG_DOC","《合肥工业大学学报（自然科学版）》插图要求及示例.doc","OFFICIAL_JOURNAL_ATTACHMENT_CANDIDATE","section 2 example 2; P016","附件要求柱状图给出实验组别等标目","","","bar charts","ORIGIN_MANUAL","MANUAL","bar-chart label review","STEP_7","","TEXTUALLY_EXPLICIT_REQUIREMENT",""
"HFUT-FIG-013","FIGURE","含变量图区分正斜体和标量矢量；向量矩阵字母粗体，说明性下标正体","MANDATORY","HFUT_FIG_DOC","《合肥工业大学学报（自然科学版）》插图要求及示例.doc","OFFICIAL_JOURNAL_ATTACHMENT_CANDIDATE","section 2 example 4; P024","附件明确图内数学符号样式","","","figures containing variables","VISIO_MANUAL","MANUAL","symbol-style inspection","STEP_7","","TEXTUALLY_EXPLICIT_REQUIREMENT",""
"HFUT-FIG-014","FIGURE","构造图和装配图尺寸须标单位；共同单位置右下角或左下角并写作单位：××","MANDATORY","HFUT_FIG_DOC","《合肥工业大学学报（自然科学版）》插图要求及示例.doc","OFFICIAL_JOURNAL_ATTACHMENT_CANDIDATE","section 2 example 5; P027","附件明确尺寸单位及共同单位位置","","","dimensioned construction or assembly figures","VISIO_MANUAL","MANUAL","dimension-label visual review","STEP_7","","TEXTUALLY_EXPLICIT_REQUIREMENT","当前F1是否属于此图型在制图时判断"
"HFUT-FIG-015","FIGURE","仿真云图色标上方标注参数名及其单位","MANDATORY","HFUT_FIG_DOC","《合肥工业大学学报（自然科学版）》插图要求及示例.doc","OFFICIAL_JOURNAL_ATTACHMENT_CANDIDATE","section 2 example 8; P037","附件明确仿真彩色色标的参数和单位","","","simulation contour maps","ORIGIN_MANUAL","MANUAL","colorbar annotation review","STEP_7","","TEXTUALLY_EXPLICIT_REQUIREMENT","当前计划无仿真云图"
"HFUT-FIG-016","FIGURE","地图相关制作、审图号、底图声明、指北和比例尺要求对当前论文不适用","NOT_APPLICABLE","HFUT_FIG_DOC","《合肥工业大学学报（自然科学版）》插图要求及示例.doc","OFFICIAL_JOURNAL_ATTACHMENT_CANDIDATE","section 2 example 9; P041-P048","附件规定地图来源、边界、审图声明、指北和比例尺","","","maps","WORD_MANUAL","MANUAL","confirm final figure inventory contains no maps","FINAL_SUBMISSION_REVIEW","","NOT_APPLICABLE_CURRENT_PAPER","若后续新增地图必须重新启用并逐条检查"
"HFUT-FIG-017","FIGURE","图题六号黑体且居中仅由示例标注，尚未确认是否为通用强制样式","EXAMPLE_ONLY","HFUT_FIG_DOC","《合肥工业大学学报（自然科学版）》插图要求及示例.doc","OFFICIAL_JOURNAL_ATTACHMENT_CANDIDATE","section 2 example 1; P013","示例图题括注六号黑体居中","六号","font size","figure captions","REFERENCE_DOCX","MANUAL","Step 3 style comparison","STEP_3","","VISUAL_EXAMPLE_ONLY","不得仅凭示例升级为MANDATORY"
"HFUT-FIG-018","FIGURE","插图具体文件格式、分辨率、DPI、颜色模式和通用线宽未在提取文字中给出","PENDING_VERIFICATION","HFUT_FIG_DOC","《合肥工业大学学报（自然科学版）》插图要求及示例.doc","OFFICIAL_JOURNAL_ATTACHMENT_CANDIDATE","full normalized text P001-P050","未检出这些参数","","","all figures","NOT_YET_DECIDED","HYBRID","Step 3 embedded-object/style analysis and journal confirmation","STEP_3","","PENDING_VERIFICATION","不得从成刊PDF像素估算"
"HFUT-FIG-019","FIGURE","地质图示例末尾正文称图11但图题提取为图9","PENDING_VERIFICATION","HFUT_FIG_DOC","《合肥工业大学学报（自然科学版）》插图要求及示例.doc","OFFICIAL_JOURNAL_ATTACHMENT_CANDIDATE","section 2 example 9; P049-P050","同一示例的图号不一致","11;9","figure number","geological-map example","WORD_MANUAL","MANUAL","controlled visual check of original DOC","STEP_3","CG-FIG-EXAMPLE-NUMBER","PENDING_WINDOWS_VISUAL_CHECK","当前论文无地图；不得复制示例编号"
"HFUT-FIG-020","FIGURE","图例样式、中英文图题是否同时需要及其精确格式未在提取文字中明确","PENDING_VERIFICATION","HFUT_FIG_DOC","《合肥工业大学学报（自然科学版）》插图要求及示例.doc","OFFICIAL_JOURNAL_ATTACHMENT_CANDIDATE","full normalized text P001-P050","仅见中文图题示例，未检出通用图例或双语图题规则","","","figure legends and captions","NOT_YET_DECIDED","MANUAL","Step 3 visual/style analysis and journal confirmation","STEP_3","","PENDING_VERIFICATION","不得由两篇成刊论文反推作者稿要求"
"HFUT-TBL-001","TABLE","表格排版可参考CY/T 170—2019和GB/T 7713.2—2022","RECOMMENDED","HFUT_TABLE_DOC","《合肥工业大学学报（自然科学版）》表格要求及示例.doc","OFFICIAL_JOURNAL_ATTACHMENT_CANDIDATE","section 一 表格要求; P003","附件使用可以参考描述两项规范","CY/T 170—2019;GB/T 7713.2—2022","standard identifiers","all tables","WORD_MANUAL","MANUAL","standards availability and table review","STEP_7","","TEXTUALLY_EXPLICIT_REQUIREMENT",""
"HFUT-TBL-002","TABLE","文表呼应并先文后表","MANDATORY","HFUT_TABLE_DOC","《合肥工业大学学报（自然科学版）》表格要求及示例.doc","OFFICIAL_JOURNAL_ATTACHMENT_CANDIDATE","section 一 表格要求; P004","正文先引用再放置表格","","","all tables","MARKDOWN_SOURCE","HYBRID","cross-reference order scan","SOURCE_WRITING","","TEXTUALLY_EXPLICIT_REQUIREMENT",""
"HFUT-TBL-003","TABLE","表格全文连续编号且一律使用三线表","MANDATORY","HFUT_TABLE_DOC","《合肥工业大学学报（自然科学版）》表格要求及示例.doc","OFFICIAL_JOURNAL_ATTACHMENT_CANDIDATE","section 一 表格要求; P005","附件规定连续表号和三线表","3","rules","all tables","POST_BUILD_OOXML","HYBRID","table sequence and OOXML border inspection","DOCX_POSTPROCESS","","TEXTUALLY_EXPLICIT_REQUIREMENT",""
"HFUT-TBL-004","TABLE","三线表顶线和底线为1磅，次线为0.5磅","MANDATORY","HFUT_TABLE_DOC","《合肥工业大学学报（自然科学版）》表格要求及示例.doc","OFFICIAL_JOURNAL_ATTACHMENT_CANDIDATE","section 一 表格要求; P005","附件给出三条线精确线宽","1;0.5","pt","all tables","POST_BUILD_OOXML","HYBRID","OOXML border width check and Word review","DOCX_POSTPROCESS","","TEXTUALLY_EXPLICIT_REQUIREMENT",""
"HFUT-TBL-005","TABLE","表中汉字用六号宋体，字母和数字用六号Times New Roman","MANDATORY","HFUT_TABLE_DOC","《合肥工业大学学报（自然科学版）》表格要求及示例.doc","OFFICIAL_JOURNAL_ATTACHMENT_CANDIDATE","section 一 表格要求; P006","附件明确表内字体和字号","六号","font size","table body and headers","REFERENCE_DOCX","HYBRID","DOCX run-font inspection plus Word review","STEP_4","","TEXTUALLY_EXPLICIT_REQUIREMENT","复杂表格可能需POST_BUILD_OOXML或WORD_MANUAL"
"HFUT-TBL-006","TABLE","栏目同时表示量与单位时采用量符号或名称/单位符号格式，组合单位加括号","MANDATORY","HFUT_TABLE_DOC","《合肥工业大学学报（自然科学版）》表格要求及示例.doc","OFFICIAL_JOURNAL_ATTACHMENT_CANDIDATE","section 一 表格要求; P007","附件明确表头量与单位书写形式","","","quantity-and-unit table headers","MARKDOWN_SOURCE","HYBRID","header syntax scan and manual symbol review","SOURCE_WRITING","","TEXTUALLY_EXPLICIT_REQUIREMENT",""
"HFUT-TBL-007","TABLE","每一栏必须有准确栏目名称","MANDATORY","HFUT_TABLE_DOC","《合肥工业大学学报（自然科学版）》表格要求及示例.doc","OFFICIAL_JOURNAL_ATTACHMENT_CANDIDATE","section 一 表格要求; P008","附件明确禁止无名或不准确栏","","","all table columns","MARKDOWN_SOURCE","MANUAL","column-header content review","SOURCE_WRITING","","TEXTUALLY_EXPLICIT_REQUIREMENT",""
"HFUT-TBL-008","TABLE","同一栏目数值小数位一致，不足位以0补齐","MANDATORY","HFUT_TABLE_DOC","《合肥工业大学学报（自然科学版）》表格要求及示例.doc","OFFICIAL_JOURNAL_ATTACHMENT_CANDIDATE","section 一 表格要求; P009","附件规定同列精度表达一致","","","numeric table columns","MARKDOWN_SOURCE","HYBRID","per-column decimal-place validator","SOURCE_WRITING","","TEXTUALLY_EXPLICIT_REQUIREMENT","不得伪造超出原始精度的含义；只补显示位"
"HFUT-TBL-009","TABLE","表身中短横线表示测量过未发现，0表示实测为0，空白表示无此项或未测量","MANDATORY","HFUT_TABLE_DOC","《合肥工业大学学报（自然科学版）》表格要求及示例.doc","OFFICIAL_JOURNAL_ATTACHMENT_CANDIDATE","section 一 表格要求; P010","附件定义三种单元格语义","－;0;blank","cell tokens","table body","MARKDOWN_SOURCE","HYBRID","cell-token semantic audit against source logs","SOURCE_WRITING","","TEXTUALLY_EXPLICIT_REQUIREMENT","严禁以空白掩盖缺测含义"
"HFUT-TBL-010","TABLE","表题六号黑体仅在示例括注中出现","EXAMPLE_ONLY","HFUT_TABLE_DOC","《合肥工业大学学报（自然科学版）》表格要求及示例.doc","OFFICIAL_JOURNAL_ATTACHMENT_CANDIDATE","section 2 example 1; P013","简单三线表示例标注表题六号黑体","六号","font size","table captions","REFERENCE_DOCX","MANUAL","Step 3 style comparison","STEP_3","","VISUAL_EXAMPLE_ONLY","不得仅凭示例升级为MANDATORY"
"HFUT-TBL-011","TABLE","相同单位置表格右上角、辅助横线、竖表转栏和横表分段仅展示为示例","EXAMPLE_ONLY","HFUT_TABLE_DOC","《合肥工业大学学报（自然科学版）》表格要求及示例.doc","OFFICIAL_JOURNAL_ATTACHMENT_CANDIDATE","section 2 examples 2-5; P026-P146","附件展示复杂表格处理方式但未声明通用强制","","","complex tables","WORD_MANUAL","MANUAL","select only when table structure requires; visual review","STEP_7","","VISUAL_EXAMPLE_ONLY",""
"HFUT-TBL-012","TABLE","表格对齐、单元格留白、续表、通用注释样式和中英文表题要求未由提取文字明确","PENDING_VERIFICATION","HFUT_TABLE_DOC","《合肥工业大学学报（自然科学版）》表格要求及示例.doc","OFFICIAL_JOURNAL_ATTACHMENT_CANDIDATE","full normalized text P001-P146","仅有中文示例，未得到这些可推广参数","","","all tables","NOT_YET_DECIDED","MANUAL","Step 3 style/visual analysis and Windows review","STEP_3","","STYLE_EMBEDDED_PENDING_STEP3",""
"HFUT-REF-001","REFERENCES","参考文献排版严格执行GB/T 7714—2025","MANDATORY","HFUT_REF_DOC","《合肥工业大学学报（自然科学版）》参考文献要求及示例.doc","OFFICIAL_JOURNAL_ATTACHMENT_CANDIDATE","heading 参考文献要求及示例; P002","附件候选明确使用严格按照执行","GB/T 7714—2025","standard identifier","reference list","CSL","HYBRID","CSL conformance POC plus manual comparison","STEP_6","CG-GBT-SOURCE-CHAIN","TEXTUALLY_EXPLICIT_REQUIREMENT","用户提供标准副本不可提取且来源链未验证；期刊专用规则优先"
"HFUT-REF-002","REFERENCES","参考文献汉字为六号宋体，字母和数字为六号Times New Roman，行距14磅","MANDATORY","HFUT_REF_DOC","《合肥工业大学学报（自然科学版）》参考文献要求及示例.doc","OFFICIAL_JOURNAL_ATTACHMENT_CANDIDATE","heading 参考文献要求及示例; P003","附件给出参考文献字体字号和行距","六号;14","font size;pt line spacing","reference list","REFERENCE_DOCX","HYBRID","Step 3 style inspection then Word measurement","STEP_3","","TEXTUALLY_EXPLICIT_REQUIREMENT",""
"HFUT-REF-003","REFERENCES","期刊文献著录为序号、作者、题名[J]、刊名、年、卷期、页码或文章编号","MANDATORY","HFUT_REF_DOC","《合肥工业大学学报（自然科学版）》参考文献要求及示例.doc","OFFICIAL_JOURNAL_ATTACHMENT_CANDIDATE","section 一 期刊; P005","附件给出期刊条目的字段次序","[J]","document type identifier","journal articles","CSL","AUTOMATIC","rendered-entry field/order comparison","STEP_6","","TEXTUALLY_EXPLICIT_REQUIREMENT","网络首发[J/OL]见示例，通用细则待标准正文"
"HFUT-REF-004","REFERENCES","英文期刊作者姓前名后，姓全部著录且首字母大写，名可缩写为首字母","MANDATORY","HFUT_REF_DOC","《合肥工业大学学报（自然科学版）》参考文献要求及示例.doc","OFFICIAL_JOURNAL_ATTACHMENT_CANDIDATE","section 一 期刊; P005","附件明确英文作者姓名格式","","","Latin-script personal authors","CSL","HYBRID","author-name rendering comparison","STEP_6","","TEXTUALLY_EXPLICIT_REQUIREMENT","“名可缩写”表示允许而非必须缩写"
"HFUT-REF-005","REFERENCES","汉语拼音个人责任者的名宜用全称","RECOMMENDED","HFUT_REF_DOC","《合肥工业大学学报（自然科学版）》参考文献要求及示例.doc","OFFICIAL_JOURNAL_ATTACHMENT_CANDIDATE","section 一 期刊; P005","附件使用宜建议拼音名完整著录","","","pinyin personal authors","ZOTERO_BIBTEX","MANUAL","name metadata review","SOURCE_WRITING","","TEXTUALLY_EXPLICIT_REQUIREMENT",""
"HFUT-REF-006","REFERENCES","外文期刊刊名尽量不用缩写并在全文保持统一","RECOMMENDED","HFUT_REF_DOC","《合肥工业大学学报（自然科学版）》参考文献要求及示例.doc","OFFICIAL_JOURNAL_ATTACHMENT_CANDIDATE","section 一 期刊; P005","附件建议刊名全称且要求一致","","","foreign journal titles","ZOTERO_BIBTEX","HYBRID","journal-title normalization audit","SOURCE_WRITING","","TEXTUALLY_EXPLICIT_REQUIREMENT",""
"HFUT-REF-007","REFERENCES","专著条目按作者、书名[M]、版本、出版地、出版者、出版年和可选析出页码著录；第一版不写版本","MANDATORY","HFUT_REF_DOC","《合肥工业大学学报（自然科学版）》参考文献要求及示例.doc","OFFICIAL_JOURNAL_ATTACHMENT_CANDIDATE","section 二 专著; P012","附件给出专著字段次序和版本规则","[M]","document type identifier","books","CSL","AUTOMATIC","rendered-entry pattern comparison","STEP_6","","TEXTUALLY_EXPLICIT_REQUIREMENT","析出页码明确可不标注"
"HFUT-REF-008","REFERENCES","会议论文按作者、题名[C]、双斜杠、编者、论文集名、出版地、出版者、年和页码著录","MANDATORY","HFUT_REF_DOC","《合肥工业大学学报（自然科学版）》参考文献要求及示例.doc","OFFICIAL_JOURNAL_ATTACHMENT_CANDIDATE","section 三 会议论文集; P018","附件给出会议论文字段次序","[C]","document type identifier","conference papers","CSL","AUTOMATIC","rendered-entry pattern comparison","STEP_6","","TEXTUALLY_EXPLICIT_REQUIREMENT",""
"HFUT-REF-009","REFERENCES","学位论文按作者、题名[D]、保存地点、保存单位、授予年份和引文页码著录","MANDATORY","HFUT_REF_DOC","《合肥工业大学学报（自然科学版）》参考文献要求及示例.doc","OFFICIAL_JOURNAL_ATTACHMENT_CANDIDATE","section 四 学位论文; P023","附件给出学位论文字段次序","[D]","document type identifier","theses and dissertations","CSL","AUTOMATIC","rendered-entry pattern comparison","STEP_6","","TEXTUALLY_EXPLICIT_REQUIREMENT",""
"HFUT-REF-010","REFERENCES","标准按序号、标准编号、标准名称和[S]著录","MANDATORY","HFUT_REF_DOC","《合肥工业大学学报（自然科学版）》参考文献要求及示例.doc","OFFICIAL_JOURNAL_ATTACHMENT_CANDIDATE","section 五 标准; P026","附件给出标准字段次序","[S]","document type identifier","standards","CSL","AUTOMATIC","rendered-entry pattern comparison","STEP_6","","TEXTUALLY_EXPLICIT_REQUIREMENT",""
"HFUT-REF-011","REFERENCES","预印本按作者、题名[PP/OL]、版本、平台、日期、引用日期和访问路径著录","MANDATORY","HFUT_REF_DOC","《合肥工业大学学报（自然科学版）》参考文献要求及示例.doc","OFFICIAL_JOURNAL_ATTACHMENT_CANDIDATE","section 六 预印本; P029","附件给出预印本字段次序","[PP/OL]","document type identifier","preprints","CSL","AUTOMATIC","rendered-entry pattern comparison","STEP_6","","TEXTUALLY_EXPLICIT_REQUIREMENT",""
"HFUT-REF-012","REFERENCES","网页或网站按可用作者、题名[EB/OL]、创建或修改日期、引用日期和访问路径著录","MANDATORY","HFUT_REF_DOC","《合肥工业大学学报（自然科学版）》参考文献要求及示例.doc","OFFICIAL_JOURNAL_ATTACHMENT_CANDIDATE","section 七 网页、网站; P031","附件给出网页字段次序并说明有作者则必备","[EB/OL]","document type identifier","web resources","CSL","AUTOMATIC","rendered-entry pattern comparison","STEP_6","","TEXTUALLY_EXPLICIT_REQUIREMENT",""
"HFUT-REF-013","REFERENCES","专利按申请者或所有者、题名、专利编号[P]和公告或公开日期著录","MANDATORY","HFUT_REF_DOC","《合肥工业大学学报（自然科学版）》参考文献要求及示例.doc","OFFICIAL_JOURNAL_ATTACHMENT_CANDIDATE","section 八 专利; P034","附件给出专利字段次序","[P]","document type identifier","patents","CSL","AUTOMATIC","rendered-entry pattern comparison","STEP_6","","TEXTUALLY_EXPLICIT_REQUIREMENT",""
"HFUT-REF-014","REFERENCES","报告按作者、题名、报告编号[R]、出版地、出版者、出版年和引文页码著录","MANDATORY","HFUT_REF_DOC","《合肥工业大学学报（自然科学版）》参考文献要求及示例.doc","OFFICIAL_JOURNAL_ATTACHMENT_CANDIDATE","section 九 报告; P036","附件给出报告字段次序","[R]","document type identifier","reports","CSL","AUTOMATIC","rendered-entry pattern comparison","STEP_6","","TEXTUALLY_EXPLICIT_REQUIREMENT","在线报告示例为[R/OL]"
"HFUT-REF-015","REFERENCES","地图按责任者、题名、比例尺[CM]、版本、出版地、出版者、年、尺寸和访问路径著录","NOT_APPLICABLE","HFUT_REF_DOC","《合肥工业大学学报（自然科学版）》参考文献要求及示例.doc","OFFICIAL_JOURNAL_ATTACHMENT_CANDIDATE","section 十 地图; P039","附件给出地图字段次序","[CM]","document type identifier","map references","CSL","AUTOMATIC","confirm bibliography contains no map reference","FINAL_SUBMISSION_REVIEW","","NOT_APPLICABLE_CURRENT_PAPER","若实际引用地图则重新启用"
"HFUT-REF-016","REFERENCES","作者超过特定人数时使用等或et al.的阈值未在提取文字中明确","PENDING_VERIFICATION","HFUT_REF_DOC","《合肥工业大学学报（自然科学版）》参考文献要求及示例.doc","OFFICIAL_JOURNAL_ATTACHMENT_CANDIDATE","examples P006-P011","示例出现等和et al.但未给阈值规则","","","multi-author references","CSL","HYBRID","GB/T source access and CSL POC","STEP_6","CG-GBT-SOURCE-CHAIN","PENDING_VERIFICATION","不得从示例作者数反推阈值"
"HFUT-REF-017","REFERENCES","中文文献是否须附英文对照未在提取文字中明确","PENDING_VERIFICATION","HFUT_REF_DOC","《合肥工业大学学报（自然科学版）》参考文献要求及示例.doc","OFFICIAL_JOURNAL_ATTACHMENT_CANDIDATE","full normalized text P001-P042","未发现中文文献英文对照要求","","","Chinese-language references","CSL","HYBRID","Step 3 visual check and journal confirmation","STEP_3","","PENDING_VERIFICATION","成刊样例不得单独生成强制规则"
"HFUT-REF-018","REFERENCES","DOI是否为所有适用条目的必填字段未在提取文字中明确","PENDING_VERIFICATION","HFUT_REF_DOC","《合肥工业大学学报（自然科学版）》参考文献要求及示例.doc","OFFICIAL_JOURNAL_ATTACHMENT_CANDIDATE","preprint example P030; other examples P006-P041","仅个别访问路径包含DOI，未见通用必须语句","","","references with DOI","CSL","HYBRID","GB/T source access and journal confirmation","STEP_6","CG-GBT-SOURCE-CHAIN","PENDING_VERIFICATION","有真实DOI时建议保存元数据，但不伪称期刊强制"
"GBT-001","REFERENCES","用户提供的GB/T 7714—2025副本无可提取正文，规则提取待后续授权方法","PENDING_VERIFICATION","GBT7714_2025_PDF","GBT 7714—2025 信息与文献 参考文献著录规则.pdf","USER_PROVIDED_STANDARD_COPY","45 pages; pdftotext output contains page breaks only","PDF有45页但无非空可提取文本","45","pages","reference formatting","NOT_YET_DECIDED","MANUAL","authorized accessible copy or separately authorized OCR","STEP_6","CG-GBT-SOURCE-CHAIN","TEXT_EXTRACTION_PENDING","OCR_NOT_AUTHORIZED_IN_STEP_2；不得称为标准发布机构官方原版"
"HFUT-PUB-EX-001","PUBLISHED_VISUAL","成刊论文首页展示中英文题名、作者、单位、摘要和关键词区域","EXAMPLE_ONLY","HFUT_ARTICLE_2026_5_2_PDF","1003-5060-2026-5-2.pdf","OFFICIAL_JOURNAL_PUBLISHED_ARTICLE_VERIFIED","page 585 / PDF page 1","视觉检查确认双语前置区域存在","","","published layout","NOT_YET_DECIDED","MANUAL","visual sample comparison only","STEP_3","","VISUAL_EXAMPLE_ONLY","栏目为机器人与人工智能；不是投稿模板"
"HFUT-PUB-EX-002","PUBLISHED_VISUAL","手势识别论文为2026年第49卷第5期585-590页，DOI已核实","EXAMPLE_ONLY","HFUT_ARTICLE_2026_5_2_PDF","1003-5060-2026-5-2.pdf","OFFICIAL_JOURNAL_PUBLISHED_ARTICLE_VERIFIED","page 585 header and official issue page","题名、卷期、页码和DOI与来源记录一致","49(5);585-590;10.3969/j.issn.1003-5060.2026.05.002","volume(issue);pages;DOI","source identification","NOT_YET_DECIDED","MANUAL","PDF header and official issue-page comparison","STEP_2","","VISUAL_EXAMPLE_ONLY",""
"HFUT-PUB-EX-003","PUBLISHED_VISUAL","手势识别论文正文视觉样本含双栏、插图、公式及顺序编码参考文献","EXAMPLE_ONLY","HFUT_ARTICLE_2026_5_2_PDF","1003-5060-2026-5-2.pdf","OFFICIAL_JOURNAL_PUBLISHED_ARTICLE_VERIFIED","PDF pages 3 and 6","代表性页面可见图、公式和末页参考文献","","","published layout","NOT_YET_DECIDED","MANUAL","visual comparison only","STEP_3","","VISUAL_EXAMPLE_ONLY","不得反推作者稿强制分栏、字体或间距"
"HFUT-PUB-EX-004","PUBLISHED_VISUAL","卷烟配送论文首页展示中英文题名、作者、单位、摘要和关键词区域","EXAMPLE_ONLY","HFUT_ARTICLE_2026_1_3_PDF","1003-5060-2026-1-3.pdf","OFFICIAL_JOURNAL_PUBLISHED_ARTICLE_VERIFIED","page 22 / PDF page 1","视觉检查确认双语前置区域存在","","","published layout","NOT_YET_DECIDED","MANUAL","visual sample comparison only","STEP_3","","VISUAL_EXAMPLE_ONLY","栏目为机器人与人工智能；工程应用视觉参考"
"HFUT-PUB-EX-005","PUBLISHED_VISUAL","卷烟配送论文为2026年第49卷第1期22-27、35页，DOI已核实","EXAMPLE_ONLY","HFUT_ARTICLE_2026_1_3_PDF","1003-5060-2026-1-3.pdf","OFFICIAL_JOURNAL_PUBLISHED_ARTICLE_VERIFIED","page 22 header and official manuscript page","题名、卷期、页码和DOI与来源记录一致","49(1);22-27,35;10.3969/j.issn.1003-5060.2026.01.003","volume(issue);pages;DOI","source identification","NOT_YET_DECIDED","MANUAL","PDF header and official manuscript-page comparison","STEP_2","","VISUAL_EXAMPLE_ONLY",""
"HFUT-PUB-EX-006","PUBLISHED_VISUAL","卷烟配送论文正文视觉样本含插图、表格、公式和末页参考文献","EXAMPLE_ONLY","HFUT_ARTICLE_2026_1_3_PDF","1003-5060-2026-1-3.pdf","OFFICIAL_JOURNAL_PUBLISHED_ARTICLE_VERIFIED","PDF pages 4 and 7","代表性页面可见图、表、公式与参考文献","","","published layout","NOT_YET_DECIDED","MANUAL","visual comparison only","STEP_3","","VISUAL_EXAMPLE_ONLY","PDF第7页还含另一论文续页，不能误归属"
"HFUT-PUB-EX-007","PUBLISHED_VISUAL","两篇成刊论文的收稿日期、修回日期、基金、作者简介和文章编号区域仅为出版效果观察","EXAMPLE_ONLY","HFUT_ARTICLE_2026_5_2_PDF;HFUT_ARTICLE_2026_1_3_PDF","1003-5060-2026-5-2.pdf;1003-5060-2026-1-3.pdf","OFFICIAL_JOURNAL_PUBLISHED_ARTICLE_VERIFIED","both PDF page 1 footers and front matter","视觉上存在这些出版元数据区域","","","published front matter","NOT_YET_DECIDED","MANUAL","visual observation only","STEP_3","","VISUAL_EXAMPLE_ONLY","不得推定收稿/修回日期由作者稿填写；文章编号可能由编辑部生成"
"HFUT-PUB-EX-008","PUBLISHED_VISUAL","两篇成刊论文不得自动加入当前论文参考文献","NOT_APPLICABLE","HFUT_ARTICLE_2026_5_2_PDF;HFUT_ARTICLE_2026_1_3_PDF","1003-5060-2026-5-2.pdf;1003-5060-2026-1-3.pdf","OFFICIAL_JOURNAL_PUBLISHED_ARTICLE_VERIFIED","source notes items 7-8","来源说明限定其为视觉参考，不构成相关工作证据","","","current bibliography","ZOTERO_BIBTEX","MANUAL","bibliography provenance review","SOURCE_WRITING","","NOT_APPLICABLE_CURRENT_PAPER","只有经真实阅读且与论题相关时才能另行决定引用"
