audit_id,rule_id,source_id,source_authority,requirement,requirement_class,target_part_or_style,expected_value,actual_value_full,actual_value_anonymous,actual_source,automatic_result,visual_result,windows_result,compliance_status,governance_status,blocking_for_phase2_5,blocking_for_phase3,required_action,notes
JFR-001,HFUT-WEB-032,HFUT_FMT_DOC,STYLE_EVIDENCE_CONFIRMED,A4 portrait page geometry,STYLE_EMBEDDED,word/document.xml sectPr/pgSz,"{""h"":""16838"",""w"":""11906""}","[{""columns"":{""num"":""1"",""space"":""425""},""footer_references"":{""default"":""word/footer1.xml"",""first"":""word/footer2.xml""},""margins"":{""bottom"":""1134"",""footer"":""720"",""gutter"":""0"",""header"":""720"",""left"":""1304"",""right"":""1304"",""top"":""1361""},""page"":{""h"":""16838"",""orient"":""portrait"",""w"":""11906""},""titlePg"":true,""type"":""continuous""},{""columns"":{""num"":""2"",""space"":""425""},""footer_references"":{""default"":""word/footer1.xml""},""margins"":{""bottom"":""1134"",""footer"":""720"",""gutter"":""0"",""header"":""720"",""left"":""1304"",""right"":""1304"",""top"":""1361""},""page"":{""h"":""16838"",""orient"":""portrait"",""w"":""11906""},""titlePg"":false,""type"":""nextPage(default)""}]","[{""columns"":{""num"":""1"",""space"":""425""},""footer_references"":{""default"":""word/footer1.xml"",""first"":""word/footer2.xml""},""margins"":{""bottom"":""1134"",""footer"":""720"",""gutter"":""0"",""header"":""720"",""left"":""1304"",""right"":""1304"",""top"":""1361""},""page"":{""h"":""16838"",""orient"":""portrait"",""w"":""11906""},""titlePg"":true,""type"":""continuous""},{""columns"":{""num"":""2"",""space"":""425""},""footer_references"":{""default"":""word/footer1.xml""},""margins"":{""bottom"":""1134"",""footer"":""720"",""gutter"":""0"",""header"":""720"",""left"":""1304"",""right"":""1304"",""top"":""1361""},""page"":{""h"":""16838"",""orient"":""portrait"",""w"":""11906""},""titlePg"":false,""type"":""nextPage(default)""}]",DOCX OOXML,PASS,LibreOffice preview reports A4,WINDOWS_FINAL_REQUIRED,PASS_STYLE_EVIDENCE_CONFIRMED,NO_DRIFT,NO,NO,Retain and recheck in final Word output,
JFR-002,HFUT-FMT-028,HFUT_FMT_DOC,STYLE_EVIDENCE_CONFIRMED,Margins 1361/1304/1134/1304 twips; gutter 0,STYLE_EMBEDDED,sectPr/pgMar,"{""bottom"":""1134"",""gutter"":""0"",""left"":""1304"",""right"":""1304"",""top"":""1361""}","[{""columns"":{""num"":""1"",""space"":""425""},""footer_references"":{""default"":""word/footer1.xml"",""first"":""word/footer2.xml""},""margins"":{""bottom"":""1134"",""footer"":""720"",""gutter"":""0"",""header"":""720"",""left"":""1304"",""right"":""1304"",""top"":""1361""},""page"":{""h"":""16838"",""orient"":""portrait"",""w"":""11906""},""titlePg"":true,""type"":""continuous""},{""columns"":{""num"":""2"",""space"":""425""},""footer_references"":{""default"":""word/footer1.xml""},""margins"":{""bottom"":""1134"",""footer"":""720"",""gutter"":""0"",""header"":""720"",""left"":""1304"",""right"":""1304"",""top"":""1361""},""page"":{""h"":""16838"",""orient"":""portrait"",""w"":""11906""},""titlePg"":false,""type"":""nextPage(default)""}]","[{""columns"":{""num"":""1"",""space"":""425""},""footer_references"":{""default"":""word/footer1.xml"",""first"":""word/footer2.xml""},""margins"":{""bottom"":""1134"",""footer"":""720"",""gutter"":""0"",""header"":""720"",""left"":""1304"",""right"":""1304"",""top"":""1361""},""page"":{""h"":""16838"",""orient"":""portrait"",""w"":""11906""},""titlePg"":true,""type"":""continuous""},{""columns"":{""num"":""2"",""space"":""425""},""footer_references"":{""default"":""word/footer1.xml""},""margins"":{""bottom"":""1134"",""footer"":""720"",""gutter"":""0"",""header"":""720"",""left"":""1304"",""right"":""1304"",""top"":""1361""},""page"":{""h"":""16838"",""orient"":""portrait"",""w"":""11906""},""titlePg"":false,""type"":""nextPage(default)""}]",DOCX OOXML,PASS,A4 preview consistent,WINDOWS_FINAL_REQUIRED,PASS_STYLE_EVIDENCE_CONFIRMED,NO_DRIFT,NO,NO,Retain and recheck in final Word output,
JFR-003,HFUT-AUDIT-COLUMNS,HFUT_FMT_DOC,STYLE_EVIDENCE_CONFIRMED,Single-column front matter to two-column body; 425-twip gap,PROJECT_DERIVED_CANDIDATE,sectPr/type and cols,"[{""num"":""1"",""space"":""425""},{""num"":""2"",""space"":""425""}]","[{""columns"":{""num"":""1"",""space"":""425""},""footer_references"":{""default"":""word/footer1.xml"",""first"":""word/footer2.xml""},""margins"":{""bottom"":""1134"",""footer"":""720"",""gutter"":""0"",""header"":""720"",""left"":""1304"",""right"":""1304"",""top"":""1361""},""page"":{""h"":""16838"",""orient"":""portrait"",""w"":""11906""},""titlePg"":true,""type"":""continuous""},{""columns"":{""num"":""2"",""space"":""425""},""footer_references"":{""default"":""word/footer1.xml""},""margins"":{""bottom"":""1134"",""footer"":""720"",""gutter"":""0"",""header"":""720"",""left"":""1304"",""right"":""1304"",""top"":""1361""},""page"":{""h"":""16838"",""orient"":""portrait"",""w"":""11906""},""titlePg"":false,""type"":""nextPage(default)""}]","[{""columns"":{""num"":""1"",""space"":""425""},""footer_references"":{""default"":""word/footer1.xml"",""first"":""word/footer2.xml""},""margins"":{""bottom"":""1134"",""footer"":""720"",""gutter"":""0"",""header"":""720"",""left"":""1304"",""right"":""1304"",""top"":""1361""},""page"":{""h"":""16838"",""orient"":""portrait"",""w"":""11906""},""titlePg"":true,""type"":""continuous""},{""columns"":{""num"":""2"",""space"":""425""},""footer_references"":{""default"":""word/footer1.xml""},""margins"":{""bottom"":""1134"",""footer"":""720"",""gutter"":""0"",""header"":""720"",""left"":""1304"",""right"":""1304"",""top"":""1361""},""page"":{""h"":""16838"",""orient"":""portrait"",""w"":""11906""},""titlePg"":false,""type"":""nextPage(default)""}]",DOCX OOXML,PASS,LibreOffice preview shows page-2 two-column body,WINDOWS_FINAL_REQUIRED,PASS_PROJECT_DERIVED_CANDIDATE,NO_DRIFT,NO,NO,Retain candidate; Word final review,
JFR-004,HFUT-AUDIT-PAGE,REFERENCE_DOCX_DESIGN,PROJECT_DERIVED_CANDIDATE,Footer carries PAGE field without page-number restart,PROJECT_DERIVED_CANDIDATE,word/footer*.xml; sectPr/pgNumType,PAGE present; pgNumType absent,"[{""instruction"":""PAGE"",""part"":""word/footer1.xml""},{""instruction"":""PAGE"",""part"":""word/footer2.xml""}]","[{""instruction"":""PAGE"",""part"":""word/footer1.xml""},{""instruction"":""PAGE"",""part"":""word/footer2.xml""}]",DOCX OOXML,PASS,LibreOffice preview shows pages 1 and 2,WINDOWS_FINAL_REQUIRED,PASS_PROJECT_DERIVED_CANDIDATE,NO_DRIFT,NO,NO,Refresh/check PAGE manually in Word,
JFR-005,HFUT-FMT-001,HFUT_FMT_DOC,TEXTUALLY_EXPLICIT_REQUIREMENT,Chinese title semantic role and <=20-character content rule,TEXTUALLY_EXPLICIT,HFUTTitleCN,Style used; final title <=20 Chinese characters,1,1,DOCX style usage,PASS,Synthetic title only,FINAL_CONTENT_PENDING,FINAL_CONTENT_PENDING,NO_DRIFT,NO,YES,Validate real title during Phase 3,
JFR-006,HFUT-FMT-008,HFUT_FMT_DOC,TEXTUALLY_EXPLICIT_REQUIREMENT,English title corresponds to Chinese and uses required capitalization,TEXTUALLY_EXPLICIT,HFUTTitleEN,Style used; bilingual semantic review,1,1,DOCX style usage,PASS,Synthetic title only,FINAL_CONTENT_PENDING,FINAL_CONTENT_PENDING,NO_DRIFT,NO,YES,Validate real bilingual title during Phase 3,
JFR-007,HFUT-FMT-002;HFUT-FMT-009,HFUT_FMT_DOC,TEXTUALLY_EXPLICIT_REQUIREMENT,Full includes author/affiliation roles; Anonymous omits identity roles,TEXTUALLY_EXPLICIT,HFUTAuthors*/HFUTAffiliation*,Full used; Anonymous absent,"{""HFUTAcknowledgement"":1,""HFUTAffiliationCN"":1,""HFUTAffiliationEN"":1,""HFUTAuthorBiography"":0,""HFUTAuthorsCN"":1,""HFUTAuthorsEN"":1,""HFUTFunding"":1}","{""HFUTAcknowledgement"":0,""HFUTAffiliationCN"":0,""HFUTAffiliationEN"":0,""HFUTAuthorBiography"":0,""HFUTAuthorsCN"":0,""HFUTAuthorsEN"":0,""HFUTFunding"":0}",DOCX style usage,PASS,Synthetic identity only,WINDOWS_FINAL_REQUIRED,PASS_TEXTUALLY_EXPLICIT,NO_DRIFT,NO,NO,Populate only verified real identity in final Full,
JFR-008,HFUT-WEB-025;HFUT-WEB-026;HFUT-WEB-031,HFUT_WEB_EXCERPT_PDF,TEXTUALLY_EXPLICIT_REQUIREMENT,Author biography must be in first-page footer; funding conditional; acknowledgement governed,TEXTUALLY_EXPLICIT,first-page footer versus body paragraphs,Biography in first-page footer,"{""body_biography_count"":0,""footer_details"":{""word/footer1.xml"":{""fields"":[""PAGE""],""styles"":[""PageNumber""],""text"":""""},""word/footer2.xml"":{""fields"":[""PAGE""],""styles"":[""HFUTAuthorBiography"",""PageNumber""],""text"":""TOOLCHAIN TEST 虚拟作者简介，仅用于首页页脚能力验证""}},""sections"":[{""columns"":{""num"":""1"",""space"":""425""},""footer_references"":{""default"":""word/footer1.xml"",""first"":""word/footer2.xml""},""margins"":{""bottom"":""1134"",""footer"":""720"",""gutter"":""0"",""header"":""720"",""left"":""1304"",""right"":""1304"",""top"":""1361""},""page"":{""h"":""16838"",""orient"":""portrait"",""w"":""11906""},""titlePg"":true,""type"":""continuous""},{""columns"":{""num"":""2"",""space"":""425""},""footer_references"":{""default"":""word/footer1.xml""},""margins"":{""bottom"":""1134"",""footer"":""720"",""gutter"":""0"",""header"":""720"",""left"":""1304"",""right"":""1304"",""top"":""1361""},""page"":{""h"":""16838"",""orient"":""portrait"",""w"":""11906""},""titlePg"":false,""type"":""nextPage(default)""}]}","{""body_biography_count"":0,""footer_details"":{""word/footer1.xml"":{""fields"":[""PAGE""],""styles"":[""PageNumber""],""text"":""""},""word/footer2.xml"":{""fields"":[""PAGE""],""styles"":[""PageNumber""],""text"":""""}},""sections"":[{""columns"":{""num"":""1"",""space"":""425""},""footer_references"":{""default"":""word/footer1.xml"",""first"":""word/footer2.xml""},""margins"":{""bottom"":""1134"",""footer"":""720"",""gutter"":""0"",""header"":""720"",""left"":""1304"",""right"":""1304"",""top"":""1361""},""page"":{""h"":""16838"",""orient"":""portrait"",""w"":""11906""},""titlePg"":true,""type"":""continuous""},{""columns"":{""num"":""2"",""space"":""425""},""footer_references"":{""default"":""word/footer1.xml""},""margins"":{""bottom"":""1134"",""footer"":""720"",""gutter"":""0"",""header"":""720"",""left"":""1304"",""right"":""1304"",""top"":""1361""},""page"":{""h"":""16838"",""orient"":""portrait"",""w"":""11906""},""titlePg"":false,""type"":""nextPage(default)""}]}",DOCX paragraph/footer relationship inspection,PASS,Frozen v7 preview confirms the Full biography in the first-page footer and no Anonymous identity,WINDOWS_V7_FIRST_OPEN_REQUIRED,PASS_TEXTUALLY_EXPLICIT,NO_DRIFT,NO,NO,Confirm first-page footer placement during final v7 Word acceptance,No claim is made that funding or acknowledgement share the biography footer rule
JFR-009,HFUT-FMT-003,HFUT_FMT_DOC,TEXTUALLY_EXPLICIT_REQUIREMENT,Chinese abstract label/body fonts and 14-pt line spacing,TEXTUALLY_EXPLICIT,HFUTAbstractLabelCN/HFUTAbstractBodyCN,9 pt Heiti/Songti; exact 14 pt,"{""HFUTAbstractBodyCN"":{""alignment"":""both"",""basedOn"":""Normal"",""bold"":false,""fonts"":{""ascii"":""Times New Roman"",""cs"":""Times New Roman"",""eastAsia"":""宋体"",""hAnsi"":""Times New Roman""},""indent"":{},""italic"":false,""keepLines"":false,""keepNext"":false,""numbering"":null,""size_half_points"":""18"",""spacing"":{""after"":""0"",""before"":""0"",""line"":""280"",""lineRule"":""exact""},""style_id"":""HFUTAbstractBodyCN"",""table_properties"":null,""type"":""paragraph""},""HFUTAbstractLabelCN"":{""alignment"":""both"",""basedOn"":""Normal"",""bold"":true,""fonts"":{""ascii"":""Times New Roman"",""cs"":""Times New Roman"",""eastAsia"":""黑体"",""hAnsi"":""Times New Roman""},""indent"":{},""italic"":false,""keepLines"":false,""keepNext"":false,""numbering"":null,""size_half_points"":""18"",""spacing"":{""after"":""0"",""before"":""0"",""line"":""280"",""lineRule"":""exact""},""style_id"":""HFUTAbstractLabelCN"",""table_properties"":null,""type"":""paragraph""}}","{""HFUTAbstractBodyCN"":{""alignment"":""both"",""basedOn"":""Normal"",""bold"":false,""fonts"":{""ascii"":""Times New Roman"",""cs"":""Times New Roman"",""eastAsia"":""宋体"",""hAnsi"":""Times New Roman""},""indent"":{},""italic"":false,""keepLines"":false,""keepNext"":false,""numbering"":null,""size_half_points"":""18"",""spacing"":{""after"":""0"",""before"":""0"",""line"":""280"",""lineRule"":""exact""},""style_id"":""HFUTAbstractBodyCN"",""table_properties"":null,""type"":""paragraph""},""HFUTAbstractLabelCN"":{""alignment"":""both"",""basedOn"":""Normal"",""bold"":true,""fonts"":{""ascii"":""Times New Roman"",""cs"":""Times New Roman"",""eastAsia"":""黑体"",""hAnsi"":""Times New Roman""},""indent"":{},""italic"":false,""keepLines"":false,""keepNext"":false,""numbering"":null,""size_half_points"":""18"",""spacing"":{""after"":""0"",""before"":""0"",""line"":""280"",""lineRule"":""exact""},""style_id"":""HFUTAbstractLabelCN"",""table_properties"":null,""type"":""paragraph""}}",DOCX styles.xml,PASS,Synthetic content renders,WINDOWS_FINAL_REQUIRED,PASS_TEXTUALLY_EXPLICIT,NO_DRIFT,NO,NO,Retain styles and validate final abstract,
JFR-010,HFUT-FMT-010,HFUT_FMT_DOC,TEXTUALLY_EXPLICIT_REQUIREMENT,English abstract five-size Times New Roman and semantic equivalence,TEXTUALLY_EXPLICIT,HFUTAbstractBodyEN,10.5 pt Times New Roman; final bilingual review,"{""alignment"":""both"",""basedOn"":""Normal"",""bold"":false,""fonts"":{""ascii"":""Times New Roman"",""cs"":""Times New Roman"",""eastAsia"":""Times New Roman"",""hAnsi"":""Times New Roman""},""indent"":{},""italic"":false,""keepLines"":false,""keepNext"":false,""numbering"":null,""size_half_points"":""21"",""spacing"":{""after"":""0"",""before"":""0"",""line"":""280"",""lineRule"":""exact""},""style_id"":""HFUTAbstractBodyEN"",""table_properties"":null,""type"":""paragraph""}","{""alignment"":""both"",""basedOn"":""Normal"",""bold"":false,""fonts"":{""ascii"":""Times New Roman"",""cs"":""Times New Roman"",""eastAsia"":""Times New Roman"",""hAnsi"":""Times New Roman""},""indent"":{},""italic"":false,""keepLines"":false,""keepNext"":false,""numbering"":null,""size_half_points"":""21"",""spacing"":{""after"":""0"",""before"":""0"",""line"":""280"",""lineRule"":""exact""},""style_id"":""HFUTAbstractBodyEN"",""table_properties"":null,""type"":""paragraph""}",DOCX styles.xml,PASS,Synthetic content only,FINAL_CONTENT_PENDING,FINAL_CONTENT_PENDING,NO_DRIFT,NO,YES,Validate real bilingual abstract,
JFR-011,HFUT-WEB-009;HFUT-WEB-010;HFUT-FMT-005;HFUT-FMT-011,HFUT_WEB_EXCERPT_PDF;HFUT_FMT_DOC,TEXTUALLY_EXPLICIT_REQUIREMENT,Bilingual keyword styles; >=4 Chinese keywords; paired order,TEXTUALLY_EXPLICIT,HFUTKeywords*,Required styles used; final content pending,"{""HFUTKeywordsBodyCN"":1,""HFUTKeywordsBodyEN"":1,""HFUTKeywordsLabelCN"":1,""HFUTKeywordsLabelEN"":1}","{""HFUTKeywordsBodyCN"":1,""HFUTKeywordsBodyEN"":1,""HFUTKeywordsLabelCN"":1,""HFUTKeywordsLabelEN"":1}",DOCX style usage,PASS,Four synthetic keywords,FINAL_CONTENT_PENDING,FINAL_CONTENT_PENDING,NO_DRIFT,NO,YES,Validate final keyword meaning/count/order,
JFR-012,HFUT-FMT-006,HFUT_FMT_DOC,TEXTUALLY_EXPLICIT_REQUIREMENT,Chinese Library Classification field exists,TEXTUALLY_EXPLICIT,HFUTClassification,Field/style present; real value required,1,1,DOCX style usage,PASS,Placeholder only,FINAL_CONTENT_PENDING,FINAL_CONTENT_PENDING,NO_DRIFT,NO,YES,Determine and author-confirm final classification,
JFR-013,HFUT-FMT-012,HFUT_FMT_DOC,TEXTUALLY_EXPLICIT_REQUIREMENT,Body Chinese Songti and Latin Times New Roman at 10.5 pt,TEXTUALLY_EXPLICIT,HFUTBody,宋体/Times New Roman; 10.5 pt,"{""alignment"":""both"",""basedOn"":""Normal"",""bold"":false,""fonts"":{""ascii"":""Times New Roman"",""cs"":""Times New Roman"",""eastAsia"":""宋体"",""hAnsi"":""Times New Roman""},""indent"":{""firstLine"":""200"",""hanging"":"""",""left"":"""",""right"":""""},""italic"":false,""keepLines"":false,""keepNext"":false,""numbering"":null,""size_half_points"":""21"",""spacing"":{""after"":""0"",""before"":""0"",""line"":""320"",""lineRule"":""exact""},""style_id"":""HFUTBody"",""table_properties"":null,""type"":""paragraph""}","{""alignment"":""both"",""basedOn"":""Normal"",""bold"":false,""fonts"":{""ascii"":""Times New Roman"",""cs"":""Times New Roman"",""eastAsia"":""宋体"",""hAnsi"":""Times New Roman""},""indent"":{""firstLine"":""200"",""hanging"":"""",""left"":"""",""right"":""""},""italic"":false,""keepLines"":false,""keepNext"":false,""numbering"":null,""size_half_points"":""21"",""spacing"":{""after"":""0"",""before"":""0"",""line"":""320"",""lineRule"":""exact""},""style_id"":""HFUTBody"",""table_properties"":null,""type"":""paragraph""}",DOCX styles.xml,PASS,Preview supports candidate,WINDOWS_FINAL_REQUIRED,PASS_TEXTUALLY_EXPLICIT,NO_DRIFT,NO,NO,Retain and scan final direct formatting,
JFR-014,HFUT-FMT-028,HFUT_FMT_DOC,STYLE_EVIDENCE_CONFIRMED,Body first-line 200 twips and exact 16-pt spacing,PROJECT_DERIVED_CANDIDATE,HFUTBody,firstLine=200; exact 320 twips,"{""alignment"":""both"",""basedOn"":""Normal"",""bold"":false,""fonts"":{""ascii"":""Times New Roman"",""cs"":""Times New Roman"",""eastAsia"":""宋体"",""hAnsi"":""Times New Roman""},""indent"":{""firstLine"":""200"",""hanging"":"""",""left"":"""",""right"":""""},""italic"":false,""keepLines"":false,""keepNext"":false,""numbering"":null,""size_half_points"":""21"",""spacing"":{""after"":""0"",""before"":""0"",""line"":""320"",""lineRule"":""exact""},""style_id"":""HFUTBody"",""table_properties"":null,""type"":""paragraph""}","{""alignment"":""both"",""basedOn"":""Normal"",""bold"":false,""fonts"":{""ascii"":""Times New Roman"",""cs"":""Times New Roman"",""eastAsia"":""宋体"",""hAnsi"":""Times New Roman""},""indent"":{""firstLine"":""200"",""hanging"":"""",""left"":"""",""right"":""""},""italic"":false,""keepLines"":false,""keepNext"":false,""numbering"":null,""size_half_points"":""21"",""spacing"":{""after"":""0"",""before"":""0"",""line"":""320"",""lineRule"":""exact""},""style_id"":""HFUTBody"",""table_properties"":null,""type"":""paragraph""}",Style Map plus DOCX styles.xml,PASS,Preview supports candidate,WINDOWS_FINAL_REQUIRED,PASS_STYLE_EVIDENCE_CONFIRMED,NO_DRIFT,NO,NO,Retain project-derived candidate,
JFR-015,HFUT-FMT-013,HFUT_FMT_DOC,TEXTUALLY_EXPLICIT_REQUIREMENT,Introduction numbered 0 and uses level-1 heading role,TEXTUALLY_EXPLICIT,HFUTIntroHeading/numPr,numId=2 ilvl=0; rendered 0,"[{""direct_numPr"":{""ilvl"":""0"",""numId"":""2""},""direct_spacing"":null,""drawings"":0,""keepLines"":false,""keepNext"":false,""omath"":0,""omathPara"":0,""pageBreakBefore"":false,""style"":""HFUTIntroHeading"",""text"":""引言测试""}]","[{""direct_numPr"":{""ilvl"":""0"",""numId"":""2""},""direct_spacing"":null,""drawings"":0,""keepLines"":false,""keepNext"":false,""omath"":0,""omathPara"":0,""pageBreakBefore"":false,""style"":""HFUTIntroHeading"",""text"":""引言测试""}]",DOCX document.xml/numbering.xml,PASS,LibreOffice preview displays 0,WINDOWS_FINAL_REQUIRED,PASS_TEXTUALLY_EXPLICIT,NO_DRIFT,NO,NO,Retest edit/restart behavior in Word,
JFR-016,HFUT-FMT-013;HFUT-FMT-014;HFUT-FMT-015;HFUT-FMT-016,HFUT_FMT_DOC,TEXTUALLY_EXPLICIT_REQUIREMENT,Three heading levels: numbering/font/size and keep-next candidate,TEXTUALLY_EXPLICIT_AND_STYLE_EVIDENCE,HFUTHeading1/2/3,1/1.1/1.1.1; Heiti/Heiti/Kaiti; 14/10.5/10.5 pt,"{""HFUTHeading1"":{""alignment"":""left"",""basedOn"":""Normal"",""bold"":true,""fonts"":{""ascii"":""Times New Roman"",""cs"":""Times New Roman"",""eastAsia"":""黑体"",""hAnsi"":""Times New Roman""},""indent"":{},""italic"":false,""keepLines"":true,""keepNext"":true,""numbering"":{""ilvl"":""0"",""numId"":""1""},""size_half_points"":""28"",""spacing"":{""after"":""0"",""before"":""0"",""line"":""320"",""lineRule"":""exact""},""style_id"":""HFUTHeading1"",""table_properties"":null,""type"":""paragraph""},""HFUTHeading2"":{""alignment"":""left"",""basedOn"":""Normal"",""bold"":true,""fonts"":{""ascii"":""Times New Roman"",""cs"":""Times New Roman"",""eastAsia"":""黑体"",""hAnsi"":""Times New Roman""},""indent"":{},""italic"":false,""keepLines"":true,""keepNext"":true,""numbering"":{""ilvl"":""1"",""numId"":""1""},""size_half_points"":""21"",""spacing"":{""after"":""0"",""before"":""0"",""line"":""320"",""lineRule"":""exact""},""style_id"":""HFUTHeading2"",""table_properties"":null,""type"":""paragraph""},""HFUTHeading3"":{""alignment"":""left"",""basedOn"":""Normal"",""bold"":false,""fonts"":{""ascii"":""Times New Roman"",""cs"":""Times New Roman"",""eastAsia"":""楷体"",""hAnsi"":""Times New Roman""},""indent"":{},""italic"":false,""keepLines"":true,""keepNext"":true,""numbering"":{""ilvl"":""2"",""numId"":""1""},""size_half_points"":""21"",""spacing"":{""after"":""0"",""before"":""0"",""line"":""320"",""lineRule"":""exact""},""style_id"":""HFUTHeading3"",""table_properties"":null,""type"":""paragraph""}}","{""HFUTHeading1"":{""alignment"":""left"",""basedOn"":""Normal"",""bold"":true,""fonts"":{""ascii"":""Times New Roman"",""cs"":""Times New Roman"",""eastAsia"":""黑体"",""hAnsi"":""Times New Roman""},""indent"":{},""italic"":false,""keepLines"":true,""keepNext"":true,""numbering"":{""ilvl"":""0"",""numId"":""1""},""size_half_points"":""28"",""spacing"":{""after"":""0"",""before"":""0"",""line"":""320"",""lineRule"":""exact""},""style_id"":""HFUTHeading1"",""table_properties"":null,""type"":""paragraph""},""HFUTHeading2"":{""alignment"":""left"",""basedOn"":""Normal"",""bold"":true,""fonts"":{""ascii"":""Times New Roman"",""cs"":""Times New Roman"",""eastAsia"":""黑体"",""hAnsi"":""Times New Roman""},""indent"":{},""italic"":false,""keepLines"":true,""keepNext"":true,""numbering"":{""ilvl"":""1"",""numId"":""1""},""size_half_points"":""21"",""spacing"":{""after"":""0"",""before"":""0"",""line"":""320"",""lineRule"":""exact""},""style_id"":""HFUTHeading2"",""table_properties"":null,""type"":""paragraph""},""HFUTHeading3"":{""alignment"":""left"",""basedOn"":""Normal"",""bold"":false,""fonts"":{""ascii"":""Times New Roman"",""cs"":""Times New Roman"",""eastAsia"":""楷体"",""hAnsi"":""Times New Roman""},""indent"":{},""italic"":false,""keepLines"":true,""keepNext"":true,""numbering"":{""ilvl"":""2"",""numId"":""1""},""size_half_points"":""21"",""spacing"":{""after"":""0"",""before"":""0"",""line"":""320"",""lineRule"":""exact""},""style_id"":""HFUTHeading3"",""table_properties"":null,""type"":""paragraph""}}",DOCX styles.xml/numbering.xml,PASS,LibreOffice preview displays all three levels,WINDOWS_FINAL_REQUIRED,PASS_STYLE_EVIDENCE_CONFIRMED,NO_DRIFT,NO,NO,Word final no-wrap/keep-next check,
JFR-017,HFUT-FMT-018,HFUT_FMT_DOC,TEXTUALLY_EXPLICIT_REQUIREMENT,Equations are entered and editable with MathType,TEXTUALLY_EXPLICIT,equation objects,Editable MathType objects,3 OMML objects; no MathType embedding,3 OMML objects; no MathType embedding,DOCX OMML/embeddings inspection,NOT_AUTOMATABLE,OMML visible and historically editable in Word,WINDOWS_FINAL_REQUIRED,WINDOWS_FINAL_REQUIRED,NO_DRIFT,NO,NO,Convert/rebuild final equations in MathType during publication-asset stage,
JFR-018,HFUT-AUDIT-EQUATION-STYLE,WORD_V3_MANUAL_RESULT;WORD_V6_MANUAL_ACCEPTANCE,VALIDATED_WORD_RESULT,Display equation spacing avoids clipping/overlap,PROJECT_DERIVED_CANDIDATE,HFUTEquation,"Style Map, canonical, and v7 use atLeast 24 pt with 4/4 pt before/after","{""actual"":{""alignment"":""center"",""basedOn"":""Normal"",""bold"":false,""fonts"":{""ascii"":""Times New Roman"",""cs"":""Times New Roman"",""eastAsia"":""Times New Roman"",""hAnsi"":""Times New Roman""},""indent"":{},""italic"":false,""keepLines"":true,""keepNext"":false,""numbering"":null,""size_half_points"":""21"",""spacing"":{""after"":""80"",""before"":""80"",""line"":""480"",""lineRule"":""atLeast""},""style_id"":""HFUTEquation"",""table_properties"":null,""type"":""paragraph""},""style_map"":{""line_spacing_rule"":""atLeast"",""line_spacing_value"":""24"",""space_after_pt"":""4"",""space_before_pt"":""4""}}","{""actual"":{""alignment"":""center"",""basedOn"":""Normal"",""bold"":false,""fonts"":{""ascii"":""Times New Roman"",""cs"":""Times New Roman"",""eastAsia"":""Times New Roman"",""hAnsi"":""Times New Roman""},""indent"":{},""italic"":false,""keepLines"":true,""keepNext"":false,""numbering"":null,""size_half_points"":""21"",""spacing"":{""after"":""80"",""before"":""80"",""line"":""480"",""lineRule"":""atLeast""},""style_id"":""HFUTEquation"",""table_properties"":null,""type"":""paragraph""},""style_map"":{""line_spacing_rule"":""atLeast"",""line_spacing_value"":""24"",""space_after_pt"":""4"",""space_before_pt"":""4""}}",Style Map; canonical/v7 styles.xml; Word v3/v6 manual evidence,PASS,Word-export evidence found no clipping/overlap,WORD_RESULT_SUPPORTS_CANDIDATE,PASS_PROJECT_DERIVED_CANDIDATE,NO_DRIFT,NO,NO,Retain the synchronized validated project-derived candidate,
JFR-019,HFUT-FIG-002,HFUT_FIG_DOC,TEXTUALLY_EXPLICIT_REQUIREMENT,Single-column figure width <=7.5 cm,TEXTUALLY_EXPLICIT,wp:extent,<=7.5 cm,"[{""cx_emu"":2591999,""cy_emu"":1511999,""height_cm"":4.2,""width_cm"":7.2}]","[{""cx_emu"":2591999,""cy_emu"":1511999,""height_cm"":4.2,""width_cm"":7.2}]",DOCX drawing extent,PASS,Figure visible in preview,WINDOWS_FINAL_REQUIRED,PASS_TEXTUALLY_EXPLICIT,NO_DRIFT,NO,NO,Validate every final figure extent,
JFR-020,HFUT-FIG-009;HFUT-FIG-010;HFUT-FIG-017,HFUT_FIG_DOC,TEXTUALLY_EXPLICIT_AND_EXAMPLE,Figure called out before placement; continuous number; caption candidate,MIXED_AUTHORITY,HFUTFigureCaption and paragraph order,Callout precedes figure; static Figure 1 candidate,1,1,DOCX paragraph order/style usage,PASS,Preview confirms order/caption,WINDOWS_FINAL_REQUIRED,PASS_PROJECT_DERIVED_CANDIDATE,NO_DRIFT,NO,NO,Final numbering and caption review; do not elevate caption example,
JFR-021,HFUT-FIG-005;HFUT-FIG-006;HFUT-FIG-007;HFUT-FIG-008,HFUT_FIG_DOC,TEXTUALLY_EXPLICIT_REQUIREMENT,Origin/Visio figures remain editable and are not screenshots,TEXTUALLY_EXPLICIT,embedded figure objects,Editable Origin/Visio where applicable,PNG fallback only,PNG fallback only,DOCX media/embeddings inspection,NOT_AUTOMATABLE,PNG displays,WINDOWS_FINAL_REQUIRED,POC_NOT_COVERED,NO_DRIFT,NO,NO,Validate final publication assets with Origin/Visio,
JFR-022,HFUT-WEB-018;HFUT-TBL-003;HFUT-TBL-004,HFUT_WEB_EXCERPT_PDF;HFUT_TABLE_DOC,TEXTUALLY_EXPLICIT_REQUIREMENT,Three-line table with top/bottom 1 pt and header rule 0.5 pt,TEXTUALLY_EXPLICIT,table direct borders,top/bottom sz=8; header-cell bottom sz=4; no verticals,"{""borders"":{""bottom"":{""sz"":""8"",""val"":""single""},""insideH"":{""sz"":"""",""val"":""nil""},""insideV"":{""sz"":"""",""val"":""nil""},""left"":{""sz"":"""",""val"":""nil""},""right"":{""sz"":"""",""val"":""nil""},""top"":{""sz"":""8"",""val"":""single""}},""cells"":12,""direct_cell_margins"":[],""direct_run_fonts"":[{""ascii"":"""",""eastAsia"":"""",""size_half_points"":""""},{""ascii"":"""",""eastAsia"":"""",""size_half_points"":""""},{""ascii"":"""",""eastAsia"":"""",""size_half_points"":""""},{""ascii"":"""",""eastAsia"":"""",""size_half_points"":""""}],""gridCol_twips"":[""1400"",""1400"",""1600""],""layout"":""ABSENT"",""rows"":4,""style"":""HFUTThreeLineTable"",""tblCellMar"":{},""tblW"":{""type"":""dxa"",""w"":""4400""}}","{""borders"":{""bottom"":{""sz"":""8"",""val"":""single""},""insideH"":{""sz"":"""",""val"":""nil""},""insideV"":{""sz"":"""",""val"":""nil""},""left"":{""sz"":"""",""val"":""nil""},""right"":{""sz"":"""",""val"":""nil""},""top"":{""sz"":""8"",""val"":""single""}},""cells"":12,""direct_cell_margins"":[],""direct_run_fonts"":[{""ascii"":"""",""eastAsia"":"""",""size_half_points"":""""},{""ascii"":"""",""eastAsia"":"""",""size_half_points"":""""},{""ascii"":"""",""eastAsia"":"""",""size_half_points"":""""},{""ascii"":"""",""eastAsia"":"""",""size_half_points"":""""}],""gridCol_twips"":[""1400"",""1400"",""1600""],""layout"":""ABSENT"",""rows"":4,""style"":""HFUTThreeLineTable"",""tblCellMar"":{},""tblW"":{""type"":""dxa"",""w"":""4400""}}",DOCX table properties,PASS,Preview visually shows three-line candidate,WINDOWS_FINAL_REQUIRED,PASS_TEXTUALLY_EXPLICIT,NO_DRIFT,NO,NO,Retain direct border enforcement,
JFR-023,HFUT-TBL-005;HFUT-TBL-012,HFUT_TABLE_DOC,TEXT_AND_STYLE_EVIDENCE,Table content 7.5 pt Songti/TNR; cell-margin candidate,TEXTUALLY_EXPLICIT_AND_PROJECT_DERIVED,HFUTTableContent/table cells,7.5 pt Songti/TNR; margin evidence 108/0 twips,"{""content_style"":{""alignment"":""center"",""basedOn"":""Normal"",""bold"":false,""fonts"":{""ascii"":""Times New Roman"",""cs"":""Times New Roman"",""eastAsia"":""宋体"",""hAnsi"":""Times New Roman""},""indent"":{},""italic"":false,""keepLines"":true,""keepNext"":false,""numbering"":null,""size_half_points"":""15"",""spacing"":{""after"":""0"",""before"":""0"",""line"":""240"",""lineRule"":""exact""},""style_id"":""HFUTTableContent"",""table_properties"":null,""type"":""paragraph""},""table"":{""borders"":{""bottom"":{""sz"":""8"",""val"":""single""},""insideH"":{""sz"":"""",""val"":""nil""},""insideV"":{""sz"":"""",""val"":""nil""},""left"":{""sz"":"""",""val"":""nil""},""right"":{""sz"":"""",""val"":""nil""},""top"":{""sz"":""8"",""val"":""single""}},""cells"":12,""direct_cell_margins"":[],""direct_run_fonts"":[{""ascii"":"""",""eastAsia"":"""",""size_half_points"":""""},{""ascii"":"""",""eastAsia"":"""",""size_half_points"":""""},{""ascii"":"""",""eastAsia"":"""",""size_half_points"":""""},{""ascii"":"""",""eastAsia"":"""",""size_half_points"":""""}],""gridCol_twips"":[""1400"",""1400"",""1600""],""layout"":""ABSENT"",""rows"":4,""style"":""HFUTThreeLineTable"",""tblCellMar"":{},""tblW"":{""type"":""dxa"",""w"":""4400""}},""table_style"":{""alignment"":"""",""basedOn"":"""",""bold"":false,""fonts"":{},""indent"":{},""italic"":false,""keepLines"":false,""keepNext"":false,""numbering"":null,""size_half_points"":"""",""spacing"":{},""style_id"":""HFUTThreeLineTable"",""table_properties"":{""borders"":{""bottom"":{""sz"":""8"",""val"":""single""},""insideH"":{""sz"":""4"",""val"":""single""},""insideV"":{""sz"":"""",""val"":""nil""},""left"":{""sz"":"""",""val"":""nil""},""right"":{""sz"":"""",""val"":""nil""},""top"":{""sz"":""8"",""val"":""single""}},""cell_margins"":{""bottom"":{""type"":""dxa"",""w"":""0""},""left"":{""type"":""dxa"",""w"":""108""},""right"":{""type"":""dxa"",""w"":""108""},""top"":{""type"":""dxa"",""w"":""0""}},""children"":[""tblBorders"",""tblCellMar""],""conditional_first_row_borders"":[{""bottom"":{""sz"":""4"",""val"":""single""},""insideH"":{""sz"":"""",""val"":""""},""insideV"":{""sz"":"""",""val"":""""},""left"":{""sz"":"""",""val"":""""},""right"":{""sz"":"""",""val"":""""},""top"":{""sz"":"""",""val"":""""}}],""layout"":""ABSENT""},""type"":""table""}}","{""content_style"":{""alignment"":""center"",""basedOn"":""Normal"",""bold"":false,""fonts"":{""ascii"":""Times New Roman"",""cs"":""Times New Roman"",""eastAsia"":""宋体"",""hAnsi"":""Times New Roman""},""indent"":{},""italic"":false,""keepLines"":true,""keepNext"":false,""numbering"":null,""size_half_points"":""15"",""spacing"":{""after"":""0"",""before"":""0"",""line"":""240"",""lineRule"":""exact""},""style_id"":""HFUTTableContent"",""table_properties"":null,""type"":""paragraph""},""table"":{""borders"":{""bottom"":{""sz"":""8"",""val"":""single""},""insideH"":{""sz"":"""",""val"":""nil""},""insideV"":{""sz"":"""",""val"":""nil""},""left"":{""sz"":"""",""val"":""nil""},""right"":{""sz"":"""",""val"":""nil""},""top"":{""sz"":""8"",""val"":""single""}},""cells"":12,""direct_cell_margins"":[],""direct_run_fonts"":[{""ascii"":"""",""eastAsia"":"""",""size_half_points"":""""},{""ascii"":"""",""eastAsia"":"""",""size_half_points"":""""},{""ascii"":"""",""eastAsia"":"""",""size_half_points"":""""},{""ascii"":"""",""eastAsia"":"""",""size_half_points"":""""}],""gridCol_twips"":[""1400"",""1400"",""1600""],""layout"":""ABSENT"",""rows"":4,""style"":""HFUTThreeLineTable"",""tblCellMar"":{},""tblW"":{""type"":""dxa"",""w"":""4400""}},""table_style"":{""alignment"":"""",""basedOn"":"""",""bold"":false,""fonts"":{},""indent"":{},""italic"":false,""keepLines"":false,""keepNext"":false,""numbering"":null,""size_half_points"":"""",""spacing"":{},""style_id"":""HFUTThreeLineTable"",""table_properties"":{""borders"":{""bottom"":{""sz"":""8"",""val"":""single""},""insideH"":{""sz"":""4"",""val"":""single""},""insideV"":{""sz"":"""",""val"":""nil""},""left"":{""sz"":"""",""val"":""nil""},""right"":{""sz"":"""",""val"":""nil""},""top"":{""sz"":""8"",""val"":""single""}},""cell_margins"":{""bottom"":{""type"":""dxa"",""w"":""0""},""left"":{""type"":""dxa"",""w"":""108""},""right"":{""type"":""dxa"",""w"":""108""},""top"":{""type"":""dxa"",""w"":""0""}},""children"":[""tblBorders"",""tblCellMar""],""conditional_first_row_borders"":[{""bottom"":{""sz"":""4"",""val"":""single""},""insideH"":{""sz"":"""",""val"":""""},""insideV"":{""sz"":"""",""val"":""""},""left"":{""sz"":"""",""val"":""""},""right"":{""sz"":"""",""val"":""""},""top"":{""sz"":"""",""val"":""""}}],""layout"":""ABSENT""},""type"":""table""}}",DOCX styles.xml/document.xml,PASS,Preview supports candidate,WINDOWS_FINAL_REQUIRED,PASS_STYLE_EVIDENCE_CONFIRMED,NO_DRIFT,NO,NO,Validate final table fonts and cell margins,
JFR-024,HFUT-AUDIT-TABLE-CONTRACT,REFERENCE_STYLE_MAP;REFERENCE_DOCX_DESIGN,PROJECT_GOVERNANCE,Table inheritance and layout strategy remain synchronized,PROJECT_DERIVED_CANDIDATE,HFUTThreeLineTable basedOn; tblPr/tblW/tblLayout/gridCol,"Canonical may retain basedOn=TableNormal; v7 may omit basedOn; direct tblW=4400, grid=1400/1400/1600, no fixed layout","{""actual_based_on"":"""",""style_map_based_on"":""TableNormal"",""table"":{""borders"":{""bottom"":{""sz"":""8"",""val"":""single""},""insideH"":{""sz"":"""",""val"":""nil""},""insideV"":{""sz"":"""",""val"":""nil""},""left"":{""sz"":"""",""val"":""nil""},""right"":{""sz"":"""",""val"":""nil""},""top"":{""sz"":""8"",""val"":""single""}},""cells"":12,""direct_cell_margins"":[],""direct_run_fonts"":[{""ascii"":"""",""eastAsia"":"""",""size_half_points"":""""},{""ascii"":"""",""eastAsia"":"""",""size_half_points"":""""},{""ascii"":"""",""eastAsia"":"""",""size_half_points"":""""},{""ascii"":"""",""eastAsia"":"""",""size_half_points"":""""}],""gridCol_twips"":[""1400"",""1400"",""1600""],""layout"":""ABSENT"",""rows"":4,""style"":""HFUTThreeLineTable"",""tblCellMar"":{},""tblW"":{""type"":""dxa"",""w"":""4400""}}}","{""actual_based_on"":"""",""style_map_based_on"":""TableNormal"",""table"":{""borders"":{""bottom"":{""sz"":""8"",""val"":""single""},""insideH"":{""sz"":"""",""val"":""nil""},""insideV"":{""sz"":"""",""val"":""nil""},""left"":{""sz"":"""",""val"":""nil""},""right"":{""sz"":"""",""val"":""nil""},""top"":{""sz"":""8"",""val"":""single""}},""cells"":12,""direct_cell_margins"":[],""direct_run_fonts"":[{""ascii"":"""",""eastAsia"":"""",""size_half_points"":""""},{""ascii"":"""",""eastAsia"":"""",""size_half_points"":""""},{""ascii"":"""",""eastAsia"":"""",""size_half_points"":""""},{""ascii"":"""",""eastAsia"":"""",""size_half_points"":""""}],""gridCol_twips"":[""1400"",""1400"",""1600""],""layout"":""ABSENT"",""rows"":4,""style"":""HFUTThreeLineTable"",""tblCellMar"":{},""tblW"":{""type"":""dxa"",""w"":""4400""}}}",Style Map; canonical/v7 styles.xml; v7 document.xml,PASS,Stable preview candidate,WORD_RESULT_SUPPORTS_DIRECT_LAYOUT,PASS_PROJECT_DERIVED_CANDIDATE,NO_DRIFT,NO,NO,Retain the documented layer-specific inheritance and direct-layout contract,
JFR-025,HFUT-AUDIT-REFERENCE-HEADING-STYLE,REFERENCE_STYLE_MAP,PROJECT_GOVERNANCE,Reference heading uses HFUTReferenceHeading,PROJECT_DERIVED_CANDIDATE,reference heading paragraph style,HFUTReferenceHeading,HFUTReferenceHeading,HFUTReferenceHeading,DOCX document.xml,PASS,Preview shows reference heading,WINDOWS_FINAL_REQUIRED,PASS_PROJECT_DERIVED_CANDIDATE,NO_DRIFT,NO,NO,Retain semantic style,
JFR-026,HFUT-AUDIT-REFERENCE-HEADING-NUMBERING,HFUT_WEB_EXCERPT_PDF;HFUT_REF_DOC,NO_SOURCE_AUTHORIZATION_FOUND,Reference heading must not inherit unauthorized body-heading numbering,PROJECT_GOVERNANCE,reference heading pPr/numPr and Style Map numbering_level,No direct numPr; Style Map numbering_level blank,"{""paragraph"":{""direct_numPr"":null,""direct_spacing"":null,""drawings"":0,""keepLines"":false,""keepNext"":false,""omath"":0,""omathPara"":0,""pageBreakBefore"":false,""style"":""HFUTReferenceHeading"",""text"":""参考文献""},""resolved_visual"":""参考文献"",""style_map_numbering_level"":""""}","{""paragraph"":{""direct_numPr"":null,""direct_spacing"":null,""drawings"":0,""keepLines"":false,""keepNext"":false,""omath"":0,""omathPara"":0,""pageBreakBefore"":false,""style"":""HFUTReferenceHeading"",""text"":""参考文献""},""resolved_visual"":""参考文献"",""style_map_numbering_level"":""""}",DOCX document.xml; Style Map; frozen LibreOffice preview,PASS,Both v7 previews display unnumbered 参考文献 while 0/1/1.1/1.1.1 remain intact,WINDOWS_V7_FIRST_OPEN_REQUIRED,PASS_PROJECT_DERIVED_CANDIDATE,NO_DRIFT,NO,NO,Retain the inspector guard against REFERENCE_HEADING_NUMBERING_DRIFT,Neither journal source nor Style Map authorizes reference-heading numbering
JFR-027,HFUT-REF-002,HFUT_REF_DOC,TEXTUALLY_EXPLICIT_REQUIREMENT,Reference entries use 7.5 pt Songti/TNR and exact 14-pt spacing,TEXTUALLY_EXPLICIT,HFUTReferenceEntry,7.5 pt Songti/TNR; exact 280 twips,"{""alignment"":""left"",""basedOn"":""Normal"",""bold"":false,""fonts"":{""ascii"":""Times New Roman"",""cs"":""Times New Roman"",""eastAsia"":""宋体"",""hAnsi"":""Times New Roman""},""indent"":{""firstLine"":"""",""hanging"":""360"",""left"":""360"",""right"":""""},""italic"":false,""keepLines"":true,""keepNext"":false,""numbering"":null,""size_half_points"":""15"",""spacing"":{""after"":""0"",""before"":""0"",""line"":""280"",""lineRule"":""exact""},""style_id"":""HFUTReferenceEntry"",""table_properties"":null,""type"":""paragraph""}","{""alignment"":""left"",""basedOn"":""Normal"",""bold"":false,""fonts"":{""ascii"":""Times New Roman"",""cs"":""Times New Roman"",""eastAsia"":""宋体"",""hAnsi"":""Times New Roman""},""indent"":{""firstLine"":"""",""hanging"":""360"",""left"":""360"",""right"":""""},""italic"":false,""keepLines"":true,""keepNext"":false,""numbering"":null,""size_half_points"":""15"",""spacing"":{""after"":""0"",""before"":""0"",""line"":""280"",""lineRule"":""exact""},""style_id"":""HFUTReferenceEntry"",""table_properties"":null,""type"":""paragraph""}",DOCX styles.xml,PASS,Preview supports candidate,WINDOWS_FINAL_REQUIRED,PASS_TEXTUALLY_EXPLICIT,NO_DRIFT,NO,NO,Retain and validate final mixed-language runs,
JFR-028,HFUT-WEB-023;HFUT-REF-002,HFUT_WEB_EXCERPT_PDF;HFUT_REF_DOC,TEXTUALLY_EXPLICIT_AND_PROJECT_DERIVED,References ordered by first citation; hanging indent candidate,MIXED_AUTHORITY,citations and HFUTReferenceEntry,Sequential order; 360-twip project candidate,"{""entry_count"":5,""style"":{""alignment"":""left"",""basedOn"":""Normal"",""bold"":false,""fonts"":{""ascii"":""Times New Roman"",""cs"":""Times New Roman"",""eastAsia"":""宋体"",""hAnsi"":""Times New Roman""},""indent"":{""firstLine"":"""",""hanging"":""360"",""left"":""360"",""right"":""""},""italic"":false,""keepLines"":true,""keepNext"":false,""numbering"":null,""size_half_points"":""15"",""spacing"":{""after"":""0"",""before"":""0"",""line"":""280"",""lineRule"":""exact""},""style_id"":""HFUTReferenceEntry"",""table_properties"":null,""type"":""paragraph""}}","{""entry_count"":5,""style"":{""alignment"":""left"",""basedOn"":""Normal"",""bold"":false,""fonts"":{""ascii"":""Times New Roman"",""cs"":""Times New Roman"",""eastAsia"":""宋体"",""hAnsi"":""Times New Roman""},""indent"":{""firstLine"":"""",""hanging"":""360"",""left"":""360"",""right"":""""},""italic"":false,""keepLines"":true,""keepNext"":false,""numbering"":null,""size_half_points"":""15"",""spacing"":{""after"":""0"",""before"":""0"",""line"":""280"",""lineRule"":""exact""},""style_id"":""HFUTReferenceEntry"",""table_properties"":null,""type"":""paragraph""}}",DOCX style usage and content,PASS,Synthetic references are sequential,FINAL_CONTENT_PENDING,PASS_PROJECT_DERIVED_CANDIDATE,NO_DRIFT,NO,YES,Validate real citation order and CSL special rules,
JFR-029,HFUT-WEB-029;HFUT-WEB-031,HFUT_WEB_EXCERPT_PDF,TEXTUALLY_EXPLICIT_AND_PENDING,Full/Anonymous identity boundary,TEXTUALLY_EXPLICIT_WITH_CONSERVATIVE_CHECKS,document body/properties/review artifacts,Anonymous omits author-related information,"{""HFUTAcknowledgement"":1,""HFUTAffiliationCN"":1,""HFUTAffiliationEN"":1,""HFUTAuthorBiography"":0,""HFUTAuthorsCN"":1,""HFUTAuthorsEN"":1,""HFUTFunding"":1}","{""HFUTAcknowledgement"":0,""HFUTAffiliationCN"":0,""HFUTAffiliationEN"":0,""HFUTAuthorBiography"":0,""HFUTAuthorsCN"":0,""HFUTAuthorsEN"":0,""HFUTFunding"":0}",DOCX style/content/property inspection,PASS,Anonymous preview omits synthetic identity block,DOCUMENT_INSPECTOR_REQUIRED,PASS_TEXTUALLY_EXPLICIT,NO_DRIFT,NO,NO,Run final Word Document Inspector,
JFR-030,HFUT-AUDIT-NONIDENTITY-PARTS,PROJECT_POC_CONTRACT,PROJECT_GOVERNANCE,Full/Anonymous non-identity formatting parts are identical,PROJECT_DERIVED_CANDIDATE,all package parts except document/core/custom plus normalized common document structure,Exact nonidentity match,"{""anonymous_only_parts"":[],""full_only_parts"":[],""identity_related_parts"":[""docProps/core.xml"",""docProps/custom.xml"",""word/document.xml"",""word/footer2.xml""],""member_sets_equal"":true,""nonidentity_part_differences"":[],""nonidentity_parts_compared"":[""[Content_Types].xml"",""_rels/.rels"",""docProps/app.xml"",""word/_rels/document.xml.rels"",""word/fontTable.xml"",""word/footer1.xml"",""word/footnotes.xml"",""word/media/poc_figure_fallback.png"",""word/numbering.xml"",""word/settings.xml"",""word/styles.xml"",""word/theme/theme1.xml"",""word/webSettings.xml""],""nonidentity_parts_equal"":true,""normalized_nonidentity_document_equal"":true}","{""anonymous_only_parts"":[],""full_only_parts"":[],""identity_related_parts"":[""docProps/core.xml"",""docProps/custom.xml"",""word/document.xml"",""word/footer2.xml""],""member_sets_equal"":true,""nonidentity_part_differences"":[],""nonidentity_parts_compared"":[""[Content_Types].xml"",""_rels/.rels"",""docProps/app.xml"",""word/_rels/document.xml.rels"",""word/fontTable.xml"",""word/footer1.xml"",""word/footnotes.xml"",""word/media/poc_figure_fallback.png"",""word/numbering.xml"",""word/settings.xml"",""word/styles.xml"",""word/theme/theme1.xml"",""word/webSettings.xml""],""nonidentity_parts_equal"":true,""normalized_nonidentity_document_equal"":true}",Part SHA256 and normalized paragraph comparison,PASS,Common visual format consistent,WINDOWS_FINAL_REQUIRED,PASS_PROJECT_DERIVED_CANDIDATE,NO_DRIFT,NO,NO,Retain variant differential audit,
JFR-031,HFUT-WEB-031,HFUT_WEB_EXCERPT_PDF,PENDING_VERIFICATION,Document properties/comments/revisions are conservatively inspected,CONSERVATIVE_PROJECT_CHECK,docProps and review artifacts,Neutral generator metadata; final Document Inspector,"{""core"":{""created"":""2026-08-06T00:00:00Z"",""creator"":""PAPER_PROJECT_AI_POC"",""description"":""SYNTHETIC_CONTENT; PHASE_3_NOT_AUTHORIZED"",""keywords"":"""",""language"":""zh-CN"",""lastModifiedBy"":""PAPER_PROJECT_AI_POC"",""modified"":""2026-08-06T00:00:00Z"",""subject"":""TOOLCHAIN_POC_ONLY; NOT_PAPER_CONTENT; NOT_SUBMISSION_MANUSCRIPT"",""title"":""Phase 2.5 Step 6 full toolchain POC""},""custom"":{""bibliography"":"""",""csl"":""china-national-standard-gb-t-7714-2025-numeric.csl"",""poc-acknowledgement"":""致谢测试字段：TOOLCHAIN TEST 虚拟致谢"",""poc-affiliation-cn"":""POC测试单位（虚拟），测试省测试市 000000"",""poc-affiliation-en"":""POC Synthetic Unit, Synthetic City 000000, China"",""poc-author-cn"":""POC测试作者"",""poc-author-en"":""POC SYNTHETIC AUTHOR"",""poc-contact"":""poc@example.invalid"",""poc-funding"":""基金测试字段：TOOLCHAIN TEST 虚拟基金 POC-000"",""poc-identity-enabled"":""True"",""poc-variant"":""full"",""reference-section-title"":""参考文献""}}","{""core"":{""created"":""2026-08-06T00:00:00Z"",""creator"":""PAPER_PROJECT_AI_POC"",""description"":""SYNTHETIC_CONTENT; PHASE_3_NOT_AUTHORIZED"",""keywords"":"""",""language"":""zh-CN"",""lastModifiedBy"":""PAPER_PROJECT_AI_POC"",""modified"":""2026-08-06T00:00:00Z"",""subject"":""TOOLCHAIN_POC_ONLY; NOT_PAPER_CONTENT; NOT_SUBMISSION_MANUSCRIPT"",""title"":""Phase 2.5 Step 6 anonymous toolchain POC""},""custom"":{""anonymous-status"":""ANONYMIZED_POC_CANDIDATE"",""bibliography"":"""",""csl"":""china-national-standard-gb-t-7714-2025-numeric.csl"",""poc-identity-enabled"":""False"",""poc-variant"":""anonymous"",""reference-section-title"":""参考文献"",""word-inspector-status"":""NOT_WORD_DOCUMENT_INSPECTOR_VERIFIED""}}",DOCX properties,PASS,Not a visual claim,ANONYMOUS_DOCUMENT_INSPECTOR_REQUIRED,WINDOWS_FINAL_REQUIRED,NO_DRIFT,YES,NO,Run Document Inspector on v7 Anonymous after final Word save,
JFR-032,HFUT-AUDIT-OPENXML,OPENXML_VALIDATOR_REPORT,OFFICIAL_TOOL_RESULT,Official OpenXmlValidator reports zero errors,SCHEMA_VALIDATION,all OOXML parts,0 errors each,"{""anonymous"":0,""full"":0,""reference"":0}","{""anonymous"":0,""full"":0,""reference"":0}",Frozen DocumentFormat.OpenXml 3.5.1 report,PASS,Not a visual/layout acceptance claim,NOT_APPLICABLE,PASS_STYLE_EVIDENCE_CONFIRMED,NO_DRIFT,NO,NO,Rerun after any remediation,
JFR-033,HFUT-AUDIT-WORD-FIRST-OPEN,WORD_V6_REMEDIATION_REPORT,REQUIRED_MANUAL_ACCEPTANCE,Untouched v7 first-open in Microsoft Word produces no repair prompt,WINDOWS_MANUAL,Full/Anonymous v7 packages,No unreadable-content prompt,v6 first-open PASS; v7 not tested,v6 first-open PASS; v7 not tested,Word v6 manual acceptance plus v7 remediation report,NOT_AUTOMATABLE,LibreOffice cannot substitute,WINDOWS_V7_FIRST_OPEN_REQUIRED,WINDOWS_FINAL_REQUIRED,NO_DRIFT,YES,NO,Open untouched v7 files in Microsoft Word and record the first-open result,
JFR-034,HFUT-AUDIT-WORD-REOPEN,WINDOWS_WORD_POC_CHECKLIST,REQUIRED_MANUAL_ACCEPTANCE,"Save, close, and reopen both accepted v7 documents",WINDOWS_MANUAL,Word-saved v7 derivatives,Normal reopen; no repair prompt,Not tested for v7,Not tested for v7,Frozen Windows checklist,NOT_AUTOMATABLE,Not covered by LibreOffice preview,WINDOWS_V7_SAVE_REOPEN_REQUIRED,WINDOWS_FINAL_REQUIRED,NO_DRIFT,YES,NO,Perform save/close/reopen after v7 first-open acceptance,
JFR-035,HFUT-AUDIT-FIRST-PAGE-FLOW,PUBLISHED_VISUAL_EXAMPLES,VISUAL_EXAMPLE_ONLY,First-page body flow is assessed without elevating a visual example to a rule,VISUAL_CANDIDATE,section break/page breaks/rendered pagination,No mandatory first-page body-start rule established,"{""explicit_breaks"":[],""observed"":""body begins page 2"",""sections"":[{""columns"":{""num"":""1"",""space"":""425""},""footer_references"":{""default"":""word/footer1.xml"",""first"":""word/footer2.xml""},""margins"":{""bottom"":""1134"",""footer"":""720"",""gutter"":""0"",""header"":""720"",""left"":""1304"",""right"":""1304"",""top"":""1361""},""page"":{""h"":""16838"",""orient"":""portrait"",""w"":""11906""},""titlePg"":true,""type"":""continuous""},{""columns"":{""num"":""2"",""space"":""425""},""footer_references"":{""default"":""word/footer1.xml""},""margins"":{""bottom"":""1134"",""footer"":""720"",""gutter"":""0"",""header"":""720"",""left"":""1304"",""right"":""1304"",""top"":""1361""},""page"":{""h"":""16838"",""orient"":""portrait"",""w"":""11906""},""titlePg"":false,""type"":""nextPage(default)""}]}","{""explicit_breaks"":[],""observed"":""body begins page 2"",""sections"":[{""columns"":{""num"":""1"",""space"":""425""},""footer_references"":{""default"":""word/footer1.xml"",""first"":""word/footer2.xml""},""margins"":{""bottom"":""1134"",""footer"":""720"",""gutter"":""0"",""header"":""720"",""left"":""1304"",""right"":""1304"",""top"":""1361""},""page"":{""h"":""16838"",""orient"":""portrait"",""w"":""11906""},""titlePg"":true,""type"":""continuous""},{""columns"":{""num"":""2"",""space"":""425""},""footer_references"":{""default"":""word/footer1.xml""},""margins"":{""bottom"":""1134"",""footer"":""720"",""gutter"":""0"",""header"":""720"",""left"":""1304"",""right"":""1304"",""top"":""1361""},""page"":{""h"":""16838"",""orient"":""portrait"",""w"":""11906""},""titlePg"":false,""type"":""nextPage(default)""}]}",DOCX OOXML plus frozen LibreOffice preview,PASS,Body starts page 2 due front-matter length/keep/continuous column conversion; no explicit pageBreak,WINDOWS_FINAL_REQUIRED,PASS_PROJECT_DERIVED_CANDIDATE,NO_DRIFT,NO,NO,Treat as visual candidate only; reassess with real front matter,No frozen textual rule requires body on page 1
JFR-036,HFUT-AUDIT-FIELD-POLICY,REFERENCE_DOCX_DESIGN;REFERENCE_DOCX_REPORT,PROJECT_GOVERNANCE,Field-update policy is described consistently,PROJECT_DERIVED_CANDIDATE,word/settings.xml updateFields,"Design, Report, canonical, and v7 omit updateFields; PAGE uses controlled Ctrl+A/F9 refresh","{""updateFields_present"":false,""updateFields_value"":""ABSENT""}","{""updateFields_present"":false,""updateFields_value"":""ABSENT""}",Design/Report; canonical/v7 settings.xml,PASS,PAGE renders in preview,MANUAL_REFRESH_REQUIRED,PASS_PROJECT_DERIVED_CANDIDATE,NO_DRIFT,NO,NO,Retain the controlled Ctrl+A/F9 refresh policy,
JFR-037,HFUT-AUDIT-NATIVE-TOOLS,HFUT_FMT_DOC;HFUT_FIG_DOC,TEXTUALLY_EXPLICIT_REQUIREMENT,MathType/Visio/Origin publication-object boundary remains explicit,TOOL_BOUNDARY,embeddings and native editability,Applicable final objects editable in required native tools,POC contains OMML and PNG only,POC contains OMML and PNG only,DOCX embeddings/media inspection,NOT_AUTOMATABLE,Display candidates only,WINDOWS_FINAL_REQUIRED,POC_NOT_COVERED,NO_DRIFT,NO,NO,Defer native-tool checks to final publication assets; do not claim POC coverage,
