metric_id,experiment_id,metric_name,value,unit,direction,metric_definition,timing_boundary,sample_set,sample_count,warmup,measured_frames,run_count,aggregation,source_level,source_file,source_field_or_row,source_commit,source_archive,source_SHA256,recalculation_formula,recalculated_value,recalculation_difference,reproducible_from_present_evidence,evidence_status,comparable_to,supports_claim_id,limitations,notes
M_TRAIN_VAL_MAP5095,TRAINING_FREEZE,val_mAP50_95,0.45085,score,higher_is_better,seed-7 deterministic validation mAP50-95,NA,NEU-DET historical val,360,NA,NA,NA,direct recorded,Level 1,results/training/evidence/validation_metrics_by_experiment.json,seed=7 deterministic overall.mAP50_95,2fddb7f35fd8fcf2a5066fddb2bec0df47b7133e,training evidence patch,33e70a5a9e8d5edbea91bc939f2136eb58b509935be5910e0541282660ee6f0c,none,0.45085,0,yes,VERIFIED,training records only,C8,historical split-v1; checkpoint archive unavailable,No significance claim
M_TRAIN_TEST_MAP50,TRAINING_FREEZE,test_mAP50,0.769,score,higher_is_better,frozen model test mAP50,NA,NEU-DET test,180,NA,NA,NA,direct recorded,Level 1,results/training/evidence/frozen_test_metrics.json,overall.mAP50,2fddb7f35fd8fcf2a5066fddb2bec0df47b7133e,training evidence patch,80a320917adf998f8335c35c3df3709b66e8a657afc8ec346c36d68b1629dd2e,NA,0.769,0,yes,VERIFIED,training test records only,C8,test used after selection; no tuning,NA
M_TRAIN_TEST_MAP5095,TRAINING_FREEZE,test_mAP50_95,0.431,score,higher_is_better,frozen model test mAP50-95,NA,NEU-DET test,180,NA,NA,NA,direct recorded,Level 1,results/training/evidence/frozen_test_metrics.json,overall.mAP50_95,2fddb7f35fd8fcf2a5066fddb2bec0df47b7133e,training evidence patch,80a320917adf998f8335c35c3df3709b66e8a657afc8ec346c36d68b1629dd2e,NA,0.431,0,yes,VERIFIED,training test records only,C8,summary reorganized from existing evaluation,NA
M_TRAIN_ARCHIVE_INDEPENDENT_HASH,TRAINING_FREEZE,independent_checkpoint_archive_available,MISSING,boolean,not_applicable,checkpoint archive not accessible on current host,NA,training archive,NA,NA,NA,NA,not available,Level 2,docs/TRAINING_ARCHIVE_INDEX.md,archive SHA recorded but binary absent,2fddb7f35fd8fcf2a5066fddb2bec0df47b7133e,external training checkpoint archive,a50525dc3e68a569e81d6319b9bf9d9cc43f9db26c5df3d87e09f48b8a765847,none,MISSING,NA,no,MISSING,NA,C8,PT itself is externally verified; independent archive audit unavailable,Do not downgrade VERIFIED_EXTERNAL_ASSET frozen PT
M_ONNX_RAW_MAE,PT_ONNX_CONSISTENCY,raw_output_MAE,2.5397553604403036e-05,score,lower_is_better,PyTorch/ONNX paired consistency summary,per-sample model output comparison,10 selected validation images,10,NA,NA,NA,reported summary,Level 1,results/onnx_export/pt_onnx_compare.json,summary.raw_output_mae,ab0c74edecb520c3831c64eab13c9e9d1e046ed9,repository export evidence,89dbca557a30bf83d9a0aa04fe1647575a7c60c3a0a5f106621b6de6acdfbbbb,summary field,2.5397553604403036e-05,0,yes,VERIFIED,semantic consistency only,C8,not bitwise equivalence,Counts and classes also pass
M_ONNX_RAW_MAX_ERROR,PT_ONNX_CONSISTENCY,raw_output_max_absolute_error,0.0087890625,score,lower_is_better,PyTorch/ONNX paired consistency summary,per-sample model output comparison,10 selected validation images,10,NA,NA,NA,reported summary,Level 1,results/onnx_export/pt_onnx_compare.json,summary.raw_output_max_absolute_error,ab0c74edecb520c3831c64eab13c9e9d1e046ed9,repository export evidence,89dbca557a30bf83d9a0aa04fe1647575a7c60c3a0a5f106621b6de6acdfbbbb,summary field,0.0087890625,0,yes,VERIFIED,semantic consistency only,C8,not bitwise equivalence,Counts and classes also pass
M_ONNX_BBOX_MAX_ERROR,PT_ONNX_CONSISTENCY,bbox_max_absolute_error,0.0001220703125,pixels,lower_is_better,PyTorch/ONNX paired consistency summary,per-sample model output comparison,10 selected validation images,10,NA,NA,NA,reported summary,Level 1,results/onnx_export/pt_onnx_compare.json,summary.detection_max_bbox_absolute_error,ab0c74edecb520c3831c64eab13c9e9d1e046ed9,repository export evidence,89dbca557a30bf83d9a0aa04fe1647575a7c60c3a0a5f106621b6de6acdfbbbb,summary field,0.0001220703125,0,yes,VERIFIED,semantic consistency only,C8,not bitwise equivalence,Counts and classes also pass
M_ONNX_CONF_MAX_ERROR,PT_ONNX_CONSISTENCY,confidence_max_absolute_error,2.503395080566406e-06,score,lower_is_better,PyTorch/ONNX paired consistency summary,per-sample model output comparison,10 selected validation images,10,NA,NA,NA,reported summary,Level 1,results/onnx_export/pt_onnx_compare.json,summary.detection_max_confidence_absolute_error,ab0c74edecb520c3831c64eab13c9e9d1e046ed9,repository export evidence,89dbca557a30bf83d9a0aa04fe1647575a7c60c3a0a5f106621b6de6acdfbbbb,summary field,2.503395080566406e-06,0,yes,VERIFIED,semantic consistency only,C8,not bitwise equivalence,Counts and classes also pass
M_J_K1_FPS,J_ORT_CPU_BASELINE,k1_whole_process_fps,2.3086948023,FPS,higher_is_better,560-frame whole-process wall throughput,whole_process_wall_time,validation corpus cycle,560,60,500,5,reported mean,Level 1,results/benchmark/jetson_ort_cpu/profile_baseline/j5_5_profile_baseline_v1/benchmark_report.json,throughput_fps.mean,b3826e011fd201a481c00011ce054f76bf7af649,Stage J local evidence,6d58f1d077278df3fa8abfd611495ac653186c25b6556d348626d21b2188e2e3,NA,2.3086948023,0,yes,VERIFIED,J baseline only,C7,no per-frame timing distribution,NA
M_J_K5_PRE_SINK_FPS,J_ORT_CPU_BASELINE,k5_pre_sink_fps,9.8308057717,FPS,higher_is_better,mean of five k5 pre-sink FPS values,pre-sink measured window,validation corpus cycle,2500,60,500,5,arithmetic mean,Level 1,results/benchmark/jetson_ort_cpu/tuned/j5_6_tuned_formal_baseline_v3/aggregate.json,mean(runs[*].pre_sink_fps),480876aff91edecd800758407f6618d78295cbcc,Stage J local evidence,743920fc121b980036fe05d2198ba3dd9769c2af7691ae50ac57416fa33728c8,"mean(9.8262686221,9.8236916025,9.8492332148,9.7894725950,9.8653628239)",9.8308057717,0,yes,DERIVED_VERIFIED,J baseline only,C7,not comparable with K/Q/R timing,NA
M_J_K5_PROCESS_WALL_FPS,J_ORT_CPU_BASELINE,k5_process_wall_fps,9.7483205588,FPS,higher_is_better,mean of five k5 process-wall FPS values,process wall measured window,validation corpus cycle,2500,60,500,5,arithmetic mean,Level 1,results/benchmark/jetson_ort_cpu/tuned/j5_6_tuned_formal_baseline_v3/aggregate.json,mean(runs[*].process_wall_fps),480876aff91edecd800758407f6618d78295cbcc,Stage J local evidence,743920fc121b980036fe05d2198ba3dd9769c2af7691ae50ac57416fa33728c8,"mean(9.7174470230,9.7161757282,9.7968267088,9.7122545458,9.7988987881)",9.7483205588,0,yes,DERIVED_VERIFIED,J baseline only,C7,must not mix with pre-sink FPS,NA
M_J6_DURATION,J_ORT_CPU_BASELINE,J6_duration,1800.0649718600034,seconds,higher_is_not_goal,J6 continuous tuned k5 stability record,J6 process wall window,validation corpus cycles,14860,NA,14860,1,direct recorded,Level 1,results/benchmark/jetson_ort_cpu/stability/j6_tuned_stability_v1/stability_report.json,measured_duration_seconds,7ff24d008f2450954b3fdc190688f1a3b9840788,Stage J local evidence,cf7762ca4164cdcae9002884c02ac38eabe0a4062f133cdc0320c805f4e9ef57,NA,1800.0649718600034,0,yes,VERIFIED,J stability only,C7,not industrial certification,NA
M_J6_FAILURES,J_ORT_CPU_BASELINE,J6_failure_count,0,count,lower_is_better,J6 continuous tuned k5 stability record,J6 process wall window,validation corpus cycles,14860,NA,14860,1,direct recorded,Level 1,results/benchmark/jetson_ort_cpu/stability/j6_tuned_stability_v1/stability_report.json,failure_count,7ff24d008f2450954b3fdc190688f1a3b9840788,Stage J local evidence,cf7762ca4164cdcae9002884c02ac38eabe0a4062f133cdc0320c805f4e9ef57,NA,0,0,yes,VERIFIED,J stability only,C7,not industrial certification,NA
M_K_TASK_FP32_MAP5095,K_TRT_FP32_BASELINE,task_mAP50_95_FP32,0.359086,score,higher_is_better,project-local task evaluator metric,task-level 180-image evaluation,Stage K test,180,NA,180,1,direct recorded,Level 1,results/validation/stage_k_task_eval_v2/metrics/README.txt,strict FP32 mAP50-95,99320d69eb10112348d792283b008eadd5517e21,Stage K tracked evidence,925903d2f62a638fd0659d5e746ed06056f50bf3cc3bc241791243fd26780f2f,NA,0.359086,0,yes,VERIFIED,K_TRT_FP32_BASELINE/K_TRT_FP16,C6,project-local evaluator; raw Level B remains limitation,NA
M_K_TASK_FP16_MAP5095,K_TRT_FP16,task_mAP50_95_FP16,0.359550,score,higher_is_better,project-local task evaluator metric,task-level 180-image evaluation,Stage K test,180,NA,180,1,direct recorded,Level 1,results/validation/stage_k_task_eval_v2/metrics/README.txt,Original FP16 mAP50-95,99320d69eb10112348d792283b008eadd5517e21,Stage K tracked evidence,925903d2f62a638fd0659d5e746ed06056f50bf3cc3bc241791243fd26780f2f,NA,0.359550,0,yes,VERIFIED,K_TRT_FP32_BASELINE/K_TRT_FP16,C6,project-local evaluator; raw Level B remains limitation,NA
M_K_TASK_FP16_MINUS_FP32_MAP5095,K_TRT_FP16,mAP50_95_delta_FP16_minus_FP32,0.000464,score,higher_is_better,Original FP16 minus strict FP32 task mAP50-95,task-level evaluation,Stage K test,180,NA,180,1,subtraction,Level 3,results/validation/stage_k_task_eval_v2/metrics/README.txt,Original FP16 minus FP32 mAP50-95,99320d69eb10112348d792283b008eadd5517e21,Stage K tracked evidence,925903d2f62a638fd0659d5e746ed06056f50bf3cc3bc241791243fd26780f2f,0.359550-0.359086,0.000464,0,yes,DERIVED_VERIFIED,K_TRT_FP32_BASELINE,C6,task-level only,NA
M_K7_INFERENCE_FP32,K_TRT_FP32_BASELINE,inference_mean_latency_FP32,12.9142133043,ms,lower_is_better,K7 same-stage performance statistic,K7 inference or E2E boundary,Stage K test repeated,15000,300,5000,3,pooled samples,Level 1,results/validation/stage_k7/performance_v1/comparison_report.json,statistics.fp32_notf32.inference.mean_ms,NOT_RECORDED_IN_K7_ARTIFACT,Stage K tracked evidence,9cec4282cee1cfa3100c5c5857765ce122feef289405354c14a88d8c0204ed5e,direct,12.9142133043,0,yes,VERIFIED,K_TRT_FP32_BASELINE,C6,inference and E2E are not interchangeable,NA
M_K7_INFERENCE_FP16,K_TRT_FP16,inference_mean_latency_FP16,11.1649436107,ms,lower_is_better,K7 same-stage performance statistic,K7 inference or E2E boundary,Stage K test repeated,15000,300,5000,3,pooled samples,Level 1,results/validation/stage_k7/performance_v1/comparison_report.json,statistics.fp16_original.inference.mean_ms,NOT_RECORDED_IN_K7_ARTIFACT,Stage K tracked evidence,9cec4282cee1cfa3100c5c5857765ce122feef289405354c14a88d8c0204ed5e,direct,11.1649436107,0,yes,VERIFIED,K_TRT_FP32_BASELINE,C6,inference and E2E are not interchangeable,NA
M_K7_INFERENCE_SPEEDUP,K_TRT_FP16,inference_speedup_FP32_over_FP16,1.1566751929,x,higher_is_better,K7 same-stage performance statistic,K7 inference or E2E boundary,Stage K test repeated,15000,300,5000,3,baseline/optimized,Level 3,results/validation/stage_k7/performance_v1/comparison_report.json,speedup.inference,NOT_RECORDED_IN_K7_ARTIFACT,Stage K tracked evidence,9cec4282cee1cfa3100c5c5857765ce122feef289405354c14a88d8c0204ed5e,12.9142133043/11.1649436107,1.1566751929,0,yes,DERIVED_VERIFIED,K_TRT_FP32_BASELINE,C6,inference and E2E are not interchangeable,NA
M_K7_E2E_SPEEDUP,K_TRT_FP16,e2e_speedup_FP32_over_FP16,1.1024383536,x,higher_is_better,K7 same-stage performance statistic,K7 inference or E2E boundary,Stage K test repeated,15000,300,5000,3,baseline/optimized,Level 3,results/validation/stage_k7/performance_v1/comparison_report.json,speedup.e2e,NOT_RECORDED_IN_K7_ARTIFACT,Stage K tracked evidence,9cec4282cee1cfa3100c5c5857765ce122feef289405354c14a88d8c0204ed5e,18.8133329959/17.0652018183,1.1024383536,0,yes,DERIVED_VERIFIED,K_TRT_FP32_BASELINE,C6,inference and E2E are not interchangeable,NA
M_K6_DURATION,K_TRT_FP16,K6_stability_duration,1802.818970375,seconds,higher_is_not_goal,K6 serial stability duration,K6 lifecycle window,Stage K test repeated,84420,NA,84420,1,direct recorded,Level 1,results/validation/stage_k6/stability_v1/stability_report.json,runtime_duration_seconds,NOT_RECORDED_IN_K6_ARTIFACT,Stage K tracked evidence,f6b79c08b8a18395f997bee06dc2a5c2c76b410f88e12825dc67ef07d2f8d38b,NA,1802.818970375,0,yes,VERIFIED,K stability only,C6,bounded engineering observation; raw Level B FAIL remains,NA
M_Q_INT8_PRECISION,Q_TRT_INT8_ACCURACY,INT8_precision,0.6912751678,score,higher_is_better,Stage Q task evaluator INT8 accuracy,task-level evaluation,split-v2 test,180,NA,180,1,direct recorded,Level 1,results/validation/stage_q/q5_accuracy_v1/metrics_summary.json,metrics.int8.Precision,NA,Stage Q tracked evidence,0a969ef1417d201a063dc33df1e64453ffd3c1030418f99192aa76336b402f63,NA,0.6912751678,0,yes,VERIFIED,Q_TRT_INT8_SERIAL; Q_TRT_INT8_PIPELINE,C4,evaluator-specific; thermal unavailable,NA
M_Q_INT8_RECALL,Q_TRT_INT8_ACCURACY,INT8_recall,0.6990950226,score,higher_is_better,Stage Q task evaluator INT8 accuracy,task-level evaluation,split-v2 test,180,NA,180,1,direct recorded,Level 1,results/validation/stage_q/q5_accuracy_v1/metrics_summary.json,metrics.int8.Recall,NA,Stage Q tracked evidence,0a969ef1417d201a063dc33df1e64453ffd3c1030418f99192aa76336b402f63,NA,0.6990950226,0,yes,VERIFIED,Q_TRT_INT8_SERIAL; Q_TRT_INT8_PIPELINE,C4,evaluator-specific; thermal unavailable,NA
M_Q_INT8_MAP50,Q_TRT_INT8_ACCURACY,INT8_mAP50,0.6476254638,score,higher_is_better,Stage Q task evaluator INT8 accuracy,task-level evaluation,split-v2 test,180,NA,180,1,direct recorded,Level 1,results/validation/stage_q/q5_accuracy_v1/metrics_summary.json,metrics.int8.mAP50,NA,Stage Q tracked evidence,0a969ef1417d201a063dc33df1e64453ffd3c1030418f99192aa76336b402f63,NA,0.6476254638,0,yes,VERIFIED,Q_TRT_INT8_SERIAL; Q_TRT_INT8_PIPELINE,C4,evaluator-specific; thermal unavailable,NA
M_Q_INT8_MAP5095,Q_TRT_INT8_ACCURACY,INT8_mAP50_95,0.3523443910,score,higher_is_better,Stage Q task evaluator INT8 accuracy,task-level evaluation,split-v2 test,180,NA,180,1,direct recorded,Level 1,results/validation/stage_q/q5_accuracy_v1/metrics_summary.json,metrics.int8.mAP50-95,NA,Stage Q tracked evidence,0a969ef1417d201a063dc33df1e64453ffd3c1030418f99192aa76336b402f63,NA,0.3523443910,0,yes,VERIFIED,Q_TRT_INT8_SERIAL; Q_TRT_INT8_PIPELINE,C4,evaluator-specific; thermal unavailable,NA
M_Q_INT8_MAP5095_DELTA,Q_TRT_INT8_ACCURACY,INT8_minus_FP16_mAP50_95,-0.0072051299,score,negative_is_loss,INT8 mAP50-95 minus FP16 mAP50-95,task-level evaluation,split-v2 test,180,NA,180,1,subtraction,Level 3,results/validation/stage_q/q5_accuracy_v1/metrics_summary.json,drops.mAP50-95,NA,Stage Q tracked evidence,0a969ef1417d201a063dc33df1e64453ffd3c1030418f99192aa76336b402f63,0.3523443910-0.3595495210,-0.0072051299,0,yes,DERIVED_VERIFIED,Q_TRT_INT8_ACCURACY,C4,retain negative direction,Report prints FP16 minus INT8; this row normalizes INT8 minus FP16
M_Q_SERIAL_INFERENCE_SPEEDUP,Q_TRT_INT8_SERIAL,inference_speedup_FP16_over_INT8,1.2698563804,x,higher_is_better,paired ratio; speedup baseline/optimized or throughput optimized/baseline,Stage Q Q6 serial timing boundary,split-v2 test paired runs,3,100 per process,5000 per process,3,arithmetic mean,Level 1,results/validation/stage_q/q6_serial_performance_v1/q6_serial_summary.json,primary_arithmetic_mean_ratios.inference_speedup,NA,Stage Q tracked evidence,ea01cc73a348ea42cae3b73dd2faf860c8ebc8df0b084862a0f847c0ddb3b25a,"mean(1.2703896090,1.2653351760,1.2738443562)",1.2698563804,0,yes,VERIFIED,same Q protocol only,C4,throughput ratio is not latency speedup,NA
M_Q_SERIAL_THROUGHPUT_RATIO,Q_TRT_INT8_SERIAL,throughput_ratio_INT8_over_FP16,1.1728497476,x,higher_is_better,paired ratio; speedup baseline/optimized or throughput optimized/baseline,Stage Q Q6 serial timing boundary,split-v2 test paired runs,3,100 per process,5000 per process,3,arithmetic mean,Level 1,results/validation/stage_q/q6_serial_performance_v1/q6_serial_summary.json,primary_arithmetic_mean_ratios.throughput_int8_over_fp16,NA,Stage Q tracked evidence,ea01cc73a348ea42cae3b73dd2faf860c8ebc8df0b084862a0f847c0ddb3b25a,"mean(1.1759862485,1.1621683164,1.1803946779)",1.1728497476,0,yes,VERIFIED,same Q protocol only,C4,throughput ratio is not latency speedup,NA
M_Q_PIPELINE_THROUGHPUT_RATIO,Q_TRT_INT8_PIPELINE,throughput_ratio_INT8_over_FP16,1.012575,x,higher_is_better,paired ratio; speedup baseline/optimized or throughput optimized/baseline,Stage Q Q7 pipeline throughput boundary,split-v2 test paired runs,3,100 per process,5000 per process,3,arithmetic mean,Level 1,results/benchmark/stage_q/q7_pipeline_v1/attempt_001/q7_pipeline_summary.json,mean_paired_throughput_ratio,NA,Stage Q tracked evidence,4d3a5a7d1b405b31536426ca50eef43b7265c9976870db9daf77c9fd9f8abc9a,"mean(1.012476,1.008504,1.016745)",1.012575,0,yes,VERIFIED,same Q protocol only,C4,throughput ratio is not latency speedup,NA
M_P_THROUGHPUT_RATIO,P_SERIAL_PIPELINE,throughput_ratio_Pipeline_over_Serial,4.165718,x,higher_is_better,paired offline Pipeline throughput divided by Serial throughput,offline wall throughput,three paired ratios,3,100,5000,6,arithmetic mean,Level 2,results/benchmark/stage_p/p5_serial_vs_pipeline_v1/P5R_FINAL_RECLASSIFICATION_REPORT.md,Performance Classification,NOT_RECORDED,Stage P local archive,d1ff5e5ede449a1db73a6de5ecac0c550a3983eec9f7bedd923156e984b9ab02,"mean(4.158743,4.164089,4.174321)",4.165718,0,yes,DERIVED_VERIFIED,P protocol only,C5,offline throughput only; thermal unavailable,NA
M_P_THROUGHPUT_SD,P_SERIAL_PIPELINE,paired_throughput_ratio_sample_sd,0.007915,x,not_goal,sample SD of three paired throughput ratios,offline wall throughput,three paired ratios,3,100,5000,6,sample standard deviation,Level 2,results/benchmark/stage_p/p5_serial_vs_pipeline_v1/P5R_FINAL_RECLASSIFICATION_REPORT.md,Performance Classification,NOT_RECORDED,Stage P local archive,d1ff5e5ede449a1db73a6de5ecac0c550a3983eec9f7bedd923156e984b9ab02,"stdev(4.158743,4.164089,4.174321)",0.007915,0,yes,DERIVED_VERIFIED,P protocol only,C5,no latency inference,NA
M_R_V0_FPS,R_V0,V0_FPS_mean,54.5999763574,FPS,higher_is_better,Stage R timing-aligned formal aggregate,source pull through pre-sink frame construction,V0 split-v2 test replay,5400,60,1080,5,mean of five run FPS,Level 3,/home/orin/edge-ai-local-evidence/stage_r/phase0_5d_v0_v2r_v3r_timing_aligned_v1/formal_runs/set_*_v0/metrics.json (five files),"metrics.json fields: fps, latency_ms.mean, latency_ms.p95, latency_ms.p99; variant filter=V0",6885dc5c8d1099c34f1cd8d10c4b30426df61daf,/home/orin/edge-ai-local-evidence/stage_r/phase0_5d_v0_v2r_v3r_timing_aligned_v1/archive_manifest.tsv,e03d4ae1a4cef1e943d4b3dc6b785e90342932623a74db03c223b196b74a7043,mean(raw run wall-derived FPS),54.5999763574,0,yes,DERIVED_VERIFIED,R_V0; R_V2R; R_V3R,C1,descriptive frozen Jetson path,MULTIPLE_RAW_FILES_COVERED_BY_ARCHIVE_MANIFEST; archive manifest SHA is not an individual metrics.json SHA
M_R_V0_FPS_SD,R_V0,V0_FPS_sample_sd,0.2233775769,FPS,not_goal,Stage R timing-aligned formal aggregate,source pull through pre-sink frame construction,V0 split-v2 test replay,5400,60,1080,5,sample SD of five run FPS,Level 3,/home/orin/edge-ai-local-evidence/stage_r/phase0_5d_v0_v2r_v3r_timing_aligned_v1/formal_runs/set_*_v0/metrics.json (five files),"metrics.json fields: fps, latency_ms.mean, latency_ms.p95, latency_ms.p99; variant filter=V0",6885dc5c8d1099c34f1cd8d10c4b30426df61daf,/home/orin/edge-ai-local-evidence/stage_r/phase0_5d_v0_v2r_v3r_timing_aligned_v1/archive_manifest.tsv,e03d4ae1a4cef1e943d4b3dc6b785e90342932623a74db03c223b196b74a7043,stdev(raw run FPS),0.2233775769,0,yes,DERIVED_VERIFIED,R_V0; R_V2R; R_V3R,C1,descriptive frozen Jetson path,MULTIPLE_RAW_FILES_COVERED_BY_ARCHIVE_MANIFEST; archive manifest SHA is not an individual metrics.json SHA
M_R_V0_LAT_MEAN,R_V0,V0_latency_mean,18.2729918109,ms,lower_is_better,Stage R timing-aligned formal aggregate,source pull through pre-sink frame construction,V0 split-v2 test replay,5400,60,1080,5,pooled mean,Level 3,/home/orin/edge-ai-local-evidence/stage_r/phase0_5d_v0_v2r_v3r_timing_aligned_v1/formal_runs/set_*_v0/metrics.json (five files),"metrics.json fields: fps, latency_ms.mean, latency_ms.p95, latency_ms.p99; variant filter=V0",6885dc5c8d1099c34f1cd8d10c4b30426df61daf,/home/orin/edge-ai-local-evidence/stage_r/phase0_5d_v0_v2r_v3r_timing_aligned_v1/archive_manifest.tsv,e03d4ae1a4cef1e943d4b3dc6b785e90342932623a74db03c223b196b74a7043,mean(all 5400 latency samples),18.2729918109,0,yes,DERIVED_VERIFIED,R_V0; R_V2R; R_V3R,C1,descriptive frozen Jetson path,MULTIPLE_RAW_FILES_COVERED_BY_ARCHIVE_MANIFEST; archive manifest SHA is not an individual metrics.json SHA
M_R_V0_P95,R_V0,V0_latency_p95,18.8541178,ms,lower_is_better,Stage R timing-aligned formal aggregate,source pull through pre-sink frame construction,V0 split-v2 test replay,5400,60,1080,5,pooled Type 7 P95,Level 3,/home/orin/edge-ai-local-evidence/stage_r/phase0_5d_v0_v2r_v3r_timing_aligned_v1/formal_runs/set_*_v0/metrics.json (five files),"metrics.json fields: fps, latency_ms.mean, latency_ms.p95, latency_ms.p99; variant filter=V0",6885dc5c8d1099c34f1cd8d10c4b30426df61daf,/home/orin/edge-ai-local-evidence/stage_r/phase0_5d_v0_v2r_v3r_timing_aligned_v1/archive_manifest.tsv,e03d4ae1a4cef1e943d4b3dc6b785e90342932623a74db03c223b196b74a7043,"Type7(all latency samples,.95)",18.8541178,0,yes,DERIVED_VERIFIED,R_V0; R_V2R; R_V3R,C1,descriptive frozen Jetson path,MULTIPLE_RAW_FILES_COVERED_BY_ARCHIVE_MANIFEST; archive manifest SHA is not an individual metrics.json SHA
M_R_V0_P99,R_V0,V0_latency_p99,19.06830438,ms,lower_is_better,Stage R timing-aligned formal aggregate,source pull through pre-sink frame construction,V0 split-v2 test replay,5400,60,1080,5,pooled Type 7 P99,Level 3,/home/orin/edge-ai-local-evidence/stage_r/phase0_5d_v0_v2r_v3r_timing_aligned_v1/formal_runs/set_*_v0/metrics.json (five files),"metrics.json fields: fps, latency_ms.mean, latency_ms.p95, latency_ms.p99; variant filter=V0",6885dc5c8d1099c34f1cd8d10c4b30426df61daf,/home/orin/edge-ai-local-evidence/stage_r/phase0_5d_v0_v2r_v3r_timing_aligned_v1/archive_manifest.tsv,e03d4ae1a4cef1e943d4b3dc6b785e90342932623a74db03c223b196b74a7043,"Type7(all latency samples,.99)",19.06830438,0,yes,DERIVED_VERIFIED,R_V0; R_V2R; R_V3R,C1,descriptive frozen Jetson path,MULTIPLE_RAW_FILES_COVERED_BY_ARCHIVE_MANIFEST; archive manifest SHA is not an individual metrics.json SHA
M_R_V2R_FPS,R_V2R,V2R_FPS_mean,122.1221922222,FPS,higher_is_better,Stage R timing-aligned formal aggregate,source pull through pre-sink frame construction,V2R split-v2 test replay,5400,60,1080,5,mean of five run FPS,Level 3,/home/orin/edge-ai-local-evidence/stage_r/phase0_5d_v0_v2r_v3r_timing_aligned_v1/formal_runs/set_*_v2r/metrics.json (five files),"metrics.json fields: fps, latency_ms.mean, latency_ms.p95, latency_ms.p99; variant filter=V2R",6885dc5c8d1099c34f1cd8d10c4b30426df61daf,/home/orin/edge-ai-local-evidence/stage_r/phase0_5d_v0_v2r_v3r_timing_aligned_v1/archive_manifest.tsv,e03d4ae1a4cef1e943d4b3dc6b785e90342932623a74db03c223b196b74a7043,mean(raw run wall-derived FPS),122.1221922222,0,yes,DERIVED_VERIFIED,R_V0; R_V2R; R_V3R,C1,descriptive frozen Jetson path,MULTIPLE_RAW_FILES_COVERED_BY_ARCHIVE_MANIFEST; archive manifest SHA is not an individual metrics.json SHA
M_R_V2R_FPS_SD,R_V2R,V2R_FPS_sample_sd,0.4918299468,FPS,not_goal,Stage R timing-aligned formal aggregate,source pull through pre-sink frame construction,V2R split-v2 test replay,5400,60,1080,5,sample SD of five run FPS,Level 3,/home/orin/edge-ai-local-evidence/stage_r/phase0_5d_v0_v2r_v3r_timing_aligned_v1/formal_runs/set_*_v2r/metrics.json (five files),"metrics.json fields: fps, latency_ms.mean, latency_ms.p95, latency_ms.p99; variant filter=V2R",6885dc5c8d1099c34f1cd8d10c4b30426df61daf,/home/orin/edge-ai-local-evidence/stage_r/phase0_5d_v0_v2r_v3r_timing_aligned_v1/archive_manifest.tsv,e03d4ae1a4cef1e943d4b3dc6b785e90342932623a74db03c223b196b74a7043,stdev(raw run FPS),0.4918299468,0,yes,DERIVED_VERIFIED,R_V0; R_V2R; R_V3R,C1,descriptive frozen Jetson path,MULTIPLE_RAW_FILES_COVERED_BY_ARCHIVE_MANIFEST; archive manifest SHA is not an individual metrics.json SHA
M_R_V2R_LAT_MEAN,R_V2R,V2R_latency_mean,8.1402787896,ms,lower_is_better,Stage R timing-aligned formal aggregate,source pull through pre-sink frame construction,V2R split-v2 test replay,5400,60,1080,5,pooled mean,Level 3,/home/orin/edge-ai-local-evidence/stage_r/phase0_5d_v0_v2r_v3r_timing_aligned_v1/formal_runs/set_*_v2r/metrics.json (five files),"metrics.json fields: fps, latency_ms.mean, latency_ms.p95, latency_ms.p99; variant filter=V2R",6885dc5c8d1099c34f1cd8d10c4b30426df61daf,/home/orin/edge-ai-local-evidence/stage_r/phase0_5d_v0_v2r_v3r_timing_aligned_v1/archive_manifest.tsv,e03d4ae1a4cef1e943d4b3dc6b785e90342932623a74db03c223b196b74a7043,mean(all 5400 latency samples),8.1402787896,0,yes,DERIVED_VERIFIED,R_V0; R_V2R; R_V3R,C1,descriptive frozen Jetson path,MULTIPLE_RAW_FILES_COVERED_BY_ARCHIVE_MANIFEST; archive manifest SHA is not an individual metrics.json SHA
M_R_V2R_P95,R_V2R,V2R_latency_p95,9.82713435,ms,lower_is_better,Stage R timing-aligned formal aggregate,source pull through pre-sink frame construction,V2R split-v2 test replay,5400,60,1080,5,pooled Type 7 P95,Level 3,/home/orin/edge-ai-local-evidence/stage_r/phase0_5d_v0_v2r_v3r_timing_aligned_v1/formal_runs/set_*_v2r/metrics.json (five files),"metrics.json fields: fps, latency_ms.mean, latency_ms.p95, latency_ms.p99; variant filter=V2R",6885dc5c8d1099c34f1cd8d10c4b30426df61daf,/home/orin/edge-ai-local-evidence/stage_r/phase0_5d_v0_v2r_v3r_timing_aligned_v1/archive_manifest.tsv,e03d4ae1a4cef1e943d4b3dc6b785e90342932623a74db03c223b196b74a7043,"Type7(all latency samples,.95)",9.82713435,0,yes,DERIVED_VERIFIED,R_V0; R_V2R; R_V3R,C1,descriptive frozen Jetson path,MULTIPLE_RAW_FILES_COVERED_BY_ARCHIVE_MANIFEST; archive manifest SHA is not an individual metrics.json SHA
M_R_V2R_P99,R_V2R,V2R_latency_p99,11.52898548,ms,lower_is_better,Stage R timing-aligned formal aggregate,source pull through pre-sink frame construction,V2R split-v2 test replay,5400,60,1080,5,pooled Type 7 P99,Level 3,/home/orin/edge-ai-local-evidence/stage_r/phase0_5d_v0_v2r_v3r_timing_aligned_v1/formal_runs/set_*_v2r/metrics.json (five files),"metrics.json fields: fps, latency_ms.mean, latency_ms.p95, latency_ms.p99; variant filter=V2R",6885dc5c8d1099c34f1cd8d10c4b30426df61daf,/home/orin/edge-ai-local-evidence/stage_r/phase0_5d_v0_v2r_v3r_timing_aligned_v1/archive_manifest.tsv,e03d4ae1a4cef1e943d4b3dc6b785e90342932623a74db03c223b196b74a7043,"Type7(all latency samples,.99)",11.52898548,0,yes,DERIVED_VERIFIED,R_V0; R_V2R; R_V3R,C1,descriptive frozen Jetson path,MULTIPLE_RAW_FILES_COVERED_BY_ARCHIVE_MANIFEST; archive manifest SHA is not an individual metrics.json SHA
M_R_V3R_FPS,R_V3R,V3R_FPS_mean,127.0972584510,FPS,higher_is_better,Stage R timing-aligned formal aggregate,source pull through pre-sink frame construction,V3R split-v2 test replay,5400,60,1080,5,mean of five run FPS,Level 3,/home/orin/edge-ai-local-evidence/stage_r/phase0_5d_v0_v2r_v3r_timing_aligned_v1/formal_runs/set_*_v3r/metrics.json (five files),"metrics.json fields: fps, latency_ms.mean, latency_ms.p95, latency_ms.p99; variant filter=V3R",6885dc5c8d1099c34f1cd8d10c4b30426df61daf,/home/orin/edge-ai-local-evidence/stage_r/phase0_5d_v0_v2r_v3r_timing_aligned_v1/archive_manifest.tsv,e03d4ae1a4cef1e943d4b3dc6b785e90342932623a74db03c223b196b74a7043,mean(raw run wall-derived FPS),127.0972584510,0,yes,DERIVED_VERIFIED,R_V0; R_V2R; R_V3R,C1,descriptive frozen Jetson path,MULTIPLE_RAW_FILES_COVERED_BY_ARCHIVE_MANIFEST; archive manifest SHA is not an individual metrics.json SHA
M_R_V3R_FPS_SD,R_V3R,V3R_FPS_sample_sd,1.2792256601,FPS,not_goal,Stage R timing-aligned formal aggregate,source pull through pre-sink frame construction,V3R split-v2 test replay,5400,60,1080,5,sample SD of five run FPS,Level 3,/home/orin/edge-ai-local-evidence/stage_r/phase0_5d_v0_v2r_v3r_timing_aligned_v1/formal_runs/set_*_v3r/metrics.json (five files),"metrics.json fields: fps, latency_ms.mean, latency_ms.p95, latency_ms.p99; variant filter=V3R",6885dc5c8d1099c34f1cd8d10c4b30426df61daf,/home/orin/edge-ai-local-evidence/stage_r/phase0_5d_v0_v2r_v3r_timing_aligned_v1/archive_manifest.tsv,e03d4ae1a4cef1e943d4b3dc6b785e90342932623a74db03c223b196b74a7043,stdev(raw run FPS),1.2792256601,0,yes,DERIVED_VERIFIED,R_V0; R_V2R; R_V3R,C1,descriptive frozen Jetson path,MULTIPLE_RAW_FILES_COVERED_BY_ARCHIVE_MANIFEST; archive manifest SHA is not an individual metrics.json SHA
M_R_V3R_LAT_MEAN,R_V3R,V3R_latency_mean,7.8118285628,ms,lower_is_better,Stage R timing-aligned formal aggregate,source pull through pre-sink frame construction,V3R split-v2 test replay,5400,60,1080,5,pooled mean,Level 3,/home/orin/edge-ai-local-evidence/stage_r/phase0_5d_v0_v2r_v3r_timing_aligned_v1/formal_runs/set_*_v3r/metrics.json (five files),"metrics.json fields: fps, latency_ms.mean, latency_ms.p95, latency_ms.p99; variant filter=V3R",6885dc5c8d1099c34f1cd8d10c4b30426df61daf,/home/orin/edge-ai-local-evidence/stage_r/phase0_5d_v0_v2r_v3r_timing_aligned_v1/archive_manifest.tsv,e03d4ae1a4cef1e943d4b3dc6b785e90342932623a74db03c223b196b74a7043,mean(all 5400 latency samples),7.8118285628,0,yes,DERIVED_VERIFIED,R_V0; R_V2R; R_V3R,C1,descriptive frozen Jetson path,MULTIPLE_RAW_FILES_COVERED_BY_ARCHIVE_MANIFEST; archive manifest SHA is not an individual metrics.json SHA
M_R_V3R_P95,R_V3R,V3R_latency_p95,9.8420113,ms,lower_is_better,Stage R timing-aligned formal aggregate,source pull through pre-sink frame construction,V3R split-v2 test replay,5400,60,1080,5,pooled Type 7 P95,Level 3,/home/orin/edge-ai-local-evidence/stage_r/phase0_5d_v0_v2r_v3r_timing_aligned_v1/formal_runs/set_*_v3r/metrics.json (five files),"metrics.json fields: fps, latency_ms.mean, latency_ms.p95, latency_ms.p99; variant filter=V3R",6885dc5c8d1099c34f1cd8d10c4b30426df61daf,/home/orin/edge-ai-local-evidence/stage_r/phase0_5d_v0_v2r_v3r_timing_aligned_v1/archive_manifest.tsv,e03d4ae1a4cef1e943d4b3dc6b785e90342932623a74db03c223b196b74a7043,"Type7(all latency samples,.95)",9.8420113,0,yes,DERIVED_VERIFIED,R_V0; R_V2R; R_V3R,C1,descriptive frozen Jetson path,MULTIPLE_RAW_FILES_COVERED_BY_ARCHIVE_MANIFEST; archive manifest SHA is not an individual metrics.json SHA
M_R_V3R_P99,R_V3R,V3R_latency_p99,11.5153358,ms,lower_is_better,Stage R timing-aligned formal aggregate,source pull through pre-sink frame construction,V3R split-v2 test replay,5400,60,1080,5,pooled Type 7 P99,Level 3,/home/orin/edge-ai-local-evidence/stage_r/phase0_5d_v0_v2r_v3r_timing_aligned_v1/formal_runs/set_*_v3r/metrics.json (five files),"metrics.json fields: fps, latency_ms.mean, latency_ms.p95, latency_ms.p99; variant filter=V3R",6885dc5c8d1099c34f1cd8d10c4b30426df61daf,/home/orin/edge-ai-local-evidence/stage_r/phase0_5d_v0_v2r_v3r_timing_aligned_v1/archive_manifest.tsv,e03d4ae1a4cef1e943d4b3dc6b785e90342932623a74db03c223b196b74a7043,"Type7(all latency samples,.99)",11.5153358,0,yes,DERIVED_VERIFIED,R_V0; R_V2R; R_V3R,C1,descriptive frozen Jetson path,MULTIPLE_RAW_FILES_COVERED_BY_ARCHIVE_MANIFEST; archive manifest SHA is not an individual metrics.json SHA
M_R_V2R_V0_FPS_RATIO,R_V2R,fps_ratio_V2R_over_V0,2.2366711557,x,higher_is_better,derived Stage R comparison,common Stage R boundary,variant aggregate pair,2 aggregates,60,1080,5,derived pairwise comparison,Level 3,PAPER_PHASE0_5D_I2_FORMAL_EXECUTION_REPORT.md,descriptive pairwise ratios,6885dc5c8d1099c34f1cd8d10c4b30426df61daf,Stage R compact plus raw archive,3d9ea96fc430a94b090bcd2f9241313df81d5cd82bc7f7bcb7b05f47c95a85ec,122.1221922222/54.5999763574,2.2366711557,0,yes,DERIVED_VERIFIED,same Stage R protocol only,C2,"throughput ratio, not latency speedup",Old Attempt 2 and V4 excluded
M_R_V2R_V0_LAT_REDUCTION,R_V2R,mean_latency_reduction_V2R_vs_V0,55.4518555371,percent,higher_is_better,derived Stage R comparison,common Stage R boundary,variant aggregate pair,2 aggregates,60,1080,5,derived pairwise comparison,Level 3,PAPER_PHASE0_5D_I2_FORMAL_EXECUTION_REPORT.md,descriptive pairwise ratios,6885dc5c8d1099c34f1cd8d10c4b30426df61daf,Stage R compact plus raw archive,3d9ea96fc430a94b090bcd2f9241313df81d5cd82bc7f7bcb7b05f47c95a85ec,(18.2729918109-8.1402787896)/18.2729918109*100,55.4518555371,0,yes,DERIVED_VERIFIED,same Stage R protocol only,C2,percentage reduction,Old Attempt 2 and V4 excluded
M_R_V3R_V0_FPS_RATIO,R_V3R,fps_ratio_V3R_over_V0,2.3277896243,x,higher_is_better,derived Stage R comparison,common Stage R boundary,variant aggregate pair,2 aggregates,60,1080,5,derived pairwise comparison,Level 3,PAPER_PHASE0_5D_I2_FORMAL_EXECUTION_REPORT.md,descriptive pairwise ratios,6885dc5c8d1099c34f1cd8d10c4b30426df61daf,Stage R compact plus raw archive,3d9ea96fc430a94b090bcd2f9241313df81d5cd82bc7f7bcb7b05f47c95a85ec,127.0972584510/54.5999763574,2.3277896243,0,yes,DERIVED_VERIFIED,same Stage R protocol only,C1,"throughput ratio, not latency speedup",Old Attempt 2 and V4 excluded
M_R_V3R_V2R_FPS_INCREASE,R_V3R,fps_increase_V3R_vs_V2R,4.0738428768,percent,higher_is_better,derived Stage R comparison,common Stage R boundary,variant aggregate pair,2 aggregates,60,1080,5,derived pairwise comparison,Level 3,PAPER_PHASE0_5D_I2_FORMAL_EXECUTION_REPORT.md,descriptive pairwise ratios,6885dc5c8d1099c34f1cd8d10c4b30426df61daf,Stage R compact plus raw archive,3d9ea96fc430a94b090bcd2f9241313df81d5cd82bc7f7bcb7b05f47c95a85ec,(127.0972584510/122.1221922222-1)*100,4.0738428768,0,yes,DERIVED_VERIFIED,same Stage R protocol only,C3,marginal average gain,Old Attempt 2 and V4 excluded
M_R_V3R_V2R_P95_CHANGE,R_V3R,p95_change_V3R_vs_V2R,0.1513864517,percent,lower_is_better,percent_change = (optimized - baseline) / baseline * 100; V3R P95 latency vs V2R,common Stage R boundary,variant aggregate pair,2 aggregates,60,1080,5,derived pairwise comparison,Level 3,PAPER_PHASE0_5D_I2_FORMAL_EXECUTION_REPORT.md,descriptive pairwise ratios,6885dc5c8d1099c34f1cd8d10c4b30426df61daf,Stage R compact plus raw archive,3d9ea96fc430a94b090bcd2f9241313df81d5cd82bc7f7bcb7b05f47c95a85ec,(9.84201130-9.82713435)/9.82713435*100,0.1513864517,0,yes,DERIVED_VERIFIED,same Stage R protocol only,C3,positive means V3R latency increased/slightly worse,V3R P95 is 9.84201130 ms; V2R P95 is 9.82713435 ms
M_R_FAILED_ATTEMPT_COUNT,R_V0,preserved_failed_attempts_excluded,1,count,lower_is_better,preserved implementation failure excluded from valid aggregation,not formal performance timing,Stage R archive failure root,1,NA,NA,NA,direct record,Level 1,.../runs/set_01_p01_v0/failure.json,status=IMPLEMENTATION_FAILURE,6885dc5c8d1099c34f1cd8d10c4b30426df61daf,Stage R raw archive,74b77515020d4924060dd7f4c7bd773229684fb18d0bd5a6e004cfe41f5309c0,none,1,0,yes,VERIFIED,none,C1,excluded from 15 valid runs,Failure retained for audit only
M_SPLIT_SENSITIVITY_ABSOLUTE_METRICS,Q_TRT_INT8_ACCURACY,matched_control_absolute_validation_metrics,SUMMARY_ONLY,record,not_applicable,historical absolute values not byte-identically reproduced,task-level evaluation,split-v1/v2 matched control,9 checkpoints,NA,NA,NA,summary report only,Level 4,checkpoint_selection_sensitivity_control_v1/matched_split_comparison.json,summary values and rank comparison,cccfec4,matched-control compact evidence,not all raw logs present,not reproducible from compact package,SUMMARY_ONLY,NA,no,SUMMARY_ONLY,none,C8,9 referenced logs absent; ranks accepted,Use rank stability only
M_J5_5_PER_FRAME_LATENCY,J_ORT_CPU_BASELINE,per_frame_latency_distribution,MISSING,ms,not_available,J5.5 does not expose reconstructable per-frame timing,whole_process_wall_time,J5.5 k1 window,NA,60,500,5,not available,Level 1,results/benchmark/jetson_ort_cpu/profile_baseline/j5_5_profile_baseline_v1/benchmark_report.json,latency_note,b3826e011fd201a481c00011ce054f76bf7af649,Stage J compact evidence,6d58f1d077278df3fa8abfd611495ac653186c25b6556d348626d21b2188e2e3,none,MISSING,NA,no,MISSING,none,C7,do not infer per-frame latency or SD,NA
M_K_RAW_TENSOR_EQUIVALENCE,K_TRT_FP16,raw_tensor_bitwise_equivalence,FAIL,boolean,not_applicable,raw Level B comparison failed while task-level acceptance passed,raw tensor comparison,16-image Level B corpus,16,NA,NA,NA,raw comparator result,Level 1,results/validation/jetson_tensorrt_fp16/k5_correctness_v1/tensorrt_level_b_report.json,K8 raw_correctness.verdict,NOT_RECORDED,Stage K local evidence,combined K manifest,none,FAIL,0,yes,VERIFIED,none,C6,Verified raw Level B failure; task-level acceptance is a separate correctness layer,FAIL is the formal verified result; do not call raw equivalence accepted
M_R_V4_PERFORMANCE,R_V4_FORMAL,V4_formal_performance,EXCLUDED,not_used,not_applicable,V4 performance excluded by validity audit,historical V4,historical V4 artifact,NA,NA,NA,NA,excluded,Level 5,results/benchmark/stage_r/r3_v0_v2_v3_v4_ablation_v2/aggregate_metrics.json,Phase 0.5 disposition,NOT_CURRENT_AUTHORITY,historical R archive,NA,not calculated,EXCLUDED,NA,no,EXCLUDED,none,C9,no number may enter paper,NA
M_Q_FP16_PRECISION,Q_TRT_INT8_ACCURACY,FP16_precision,0.6347305389,score,higher_is_better,Q5 task evaluator metric,task-level evaluation,split-v2 test,180,NA,NA,1,direct recorded,Level 1,results/validation/stage_q/q5_accuracy_v1/metrics_summary.json,fp16.precision,NA,tracked evidence,0a969ef1417d201a063dc33df1e64453ffd3c1030418f99192aa76336b402f63,NA,0.6347305389,0,yes,VERIFIED,Q_TRT_INT8_ACCURACY,C4,task-level evaluator; paired INT8 comparison,
M_Q_FP16_RECALL,Q_TRT_INT8_ACCURACY,FP16_recall,0.7194570136,score,higher_is_better,Q5 task evaluator metric,task-level evaluation,split-v2 test,180,NA,NA,1,direct recorded,Level 1,results/validation/stage_q/q5_accuracy_v1/metrics_summary.json,fp16.recall,NA,tracked evidence,0a969ef1417d201a063dc33df1e64453ffd3c1030418f99192aa76336b402f63,NA,0.7194570136,0,yes,VERIFIED,Q_TRT_INT8_ACCURACY,C4,task-level evaluator; paired INT8 comparison,
M_Q_FP16_MAP50,Q_TRT_INT8_ACCURACY,FP16_mAP50,0.6560241687,score,higher_is_better,Q5 task evaluator metric,task-level evaluation,split-v2 test,180,NA,NA,1,direct recorded,Level 1,results/validation/stage_q/q5_accuracy_v1/metrics_summary.json,fp16.mAP50,NA,tracked evidence,0a969ef1417d201a063dc33df1e64453ffd3c1030418f99192aa76336b402f63,NA,0.6560241687,0,yes,VERIFIED,Q_TRT_INT8_ACCURACY,C4,task-level evaluator; paired INT8 comparison,
M_Q_FP16_MAP5095,Q_TRT_INT8_ACCURACY,FP16_mAP50_95,0.3595495210,score,higher_is_better,Q5 task evaluator metric,task-level evaluation,split-v2 test,180,NA,NA,1,direct recorded,Level 1,results/validation/stage_q/q5_accuracy_v1/metrics_summary.json,fp16.mAP50_95,NA,tracked evidence,0a969ef1417d201a063dc33df1e64453ffd3c1030418f99192aa76336b402f63,NA,0.3595495210,0,yes,VERIFIED,Q_TRT_INT8_ACCURACY,C4,task-level evaluator; paired INT8 comparison,
M_Q_DELTA_PRECISION,Q_TRT_INT8_ACCURACY,INT8_minus_FP16_precision,0.0565446289,score,higher_is_better,INT8 task metric minus FP16 task metric,task-level evaluation,split-v2 test,180,NA,NA,1,subtraction,Level 3,results/validation/stage_q/q5_accuracy_v1/metrics_summary.json,drops.INT8_minus_FP16_precision,NA,tracked evidence,0a969ef1417d201a063dc33df1e64453ffd3c1030418f99192aa76336b402f63,0.6912751678-0.6347305389,0.0565446289,0,yes,DERIVED_VERIFIED,Q_TRT_INT8_ACCURACY,C4,retain negative direction for losses,
M_Q_DELTA_RECALL,Q_TRT_INT8_ACCURACY,INT8_minus_FP16_recall,-0.0203619910,score,higher_is_better,INT8 task metric minus FP16 task metric,task-level evaluation,split-v2 test,180,NA,NA,1,subtraction,Level 3,results/validation/stage_q/q5_accuracy_v1/metrics_summary.json,drops.INT8_minus_FP16_recall,NA,tracked evidence,0a969ef1417d201a063dc33df1e64453ffd3c1030418f99192aa76336b402f63,0.6990950226-0.7194570136,-0.0203619910,0,yes,DERIVED_VERIFIED,Q_TRT_INT8_ACCURACY,C4,retain negative direction for losses,
M_Q_DELTA_MAP50,Q_TRT_INT8_ACCURACY,INT8_minus_FP16_mAP50,-0.0083987049,score,higher_is_better,INT8 task metric minus FP16 task metric,task-level evaluation,split-v2 test,180,NA,NA,1,subtraction,Level 3,results/validation/stage_q/q5_accuracy_v1/metrics_summary.json,drops.INT8_minus_FP16_mAP50,NA,tracked evidence,0a969ef1417d201a063dc33df1e64453ffd3c1030418f99192aa76336b402f63,0.6476254638-0.6560241687,-0.0083987049,0,yes,DERIVED_VERIFIED,Q_TRT_INT8_ACCURACY,C4,retain negative direction for losses,
M_Q_SERIAL_MEAN_LATENCY_RATIO,Q_TRT_INT8_SERIAL,mean_latency_ratio_INT8_over_FP16,0.8521942743,ratio,lower_is_better,INT8 mean latency divided by FP16 mean latency,Stage Q Q6 serial timing boundary,paired serial benchmark,15000,100 per process,5000 per process,3,direct recorded,Level 1,results/validation/stage_q/q6_serial_performance_v1/q6_serial_summary.json,mean_latency_ratio_INT8_over_FP16,NA,tracked evidence,ea01cc73a348ea42cae3b73dd2faf860c8ebc8df0b084862a0f847c0ddb3b25a,NA,0.8521942743,0,yes,VERIFIED,Q_TRT_INT8_SERIAL,C4,three paired processes; lower ratio means lower latency,
M_Q_SERIAL_P95_LATENCY_RATIO,Q_TRT_INT8_SERIAL,p95_latency_ratio_INT8_over_FP16,0.8520656755,ratio,lower_is_better,INT8 P95 latency divided by FP16 P95 latency,Stage Q Q6 serial timing boundary,paired serial benchmark,15000,100 per process,5000 per process,3,direct recorded,Level 1,results/validation/stage_q/q6_serial_performance_v1/q6_serial_summary.json,p95_latency_ratio_INT8_over_FP16,NA,tracked evidence,ea01cc73a348ea42cae3b73dd2faf860c8ebc8df0b084862a0f847c0ddb3b25a,NA,0.8520656755,0,yes,VERIFIED,Q_TRT_INT8_SERIAL,C4,three paired processes; lower ratio means lower tail latency,
M_K_TASK_FP32_PRECISION,K_TRT_FP32_BASELINE,task_precision_FP32,0.631474,score,higher_is_better,project-local task evaluator metric,task-level 180-image evaluation,Stage K test,180,NA,NA,1,direct recorded,Level 1,results/validation/stage_k_task_eval_v2/metrics/README.txt,FP32 precision,99320d69eb10112348d792283b008eadd5517e21,Stage K tracked evidence,925903d2f62a638fd0659d5e746ed06056f50bf3cc3bc241791243fd26780f2f,NA,0.631474,0,yes,VERIFIED,K_TRT_FP32_BASELINE/K_TRT_FP16,C6,task-level evaluator; raw Level B limitation,
M_K_TASK_FP32_RECALL,K_TRT_FP32_BASELINE,task_recall_FP32,0.717195,score,higher_is_better,project-local task evaluator metric,task-level 180-image evaluation,Stage K test,180,NA,NA,1,direct recorded,Level 1,results/validation/stage_k_task_eval_v2/metrics/README.txt,FP32 recall,99320d69eb10112348d792283b008eadd5517e21,Stage K tracked evidence,925903d2f62a638fd0659d5e746ed06056f50bf3cc3bc241791243fd26780f2f,NA,0.717195,0,yes,VERIFIED,K_TRT_FP32_BASELINE/K_TRT_FP16,C6,task-level evaluator; raw Level B limitation,
M_K_TASK_FP32_MAP50,K_TRT_FP32_BASELINE,task_mAP50_FP32,0.654858,score,higher_is_better,project-local task evaluator metric,task-level 180-image evaluation,Stage K test,180,NA,NA,1,direct recorded,Level 1,results/validation/stage_k_task_eval_v2/metrics/README.txt,FP32 mAP50,99320d69eb10112348d792283b008eadd5517e21,Stage K tracked evidence,925903d2f62a638fd0659d5e746ed06056f50bf3cc3bc241791243fd26780f2f,NA,0.654858,0,yes,VERIFIED,K_TRT_FP32_BASELINE/K_TRT_FP16,C6,task-level evaluator; raw Level B limitation,
M_K_TASK_FP16_PRECISION,K_TRT_FP16,task_precision_FP16,0.634731,score,higher_is_better,project-local task evaluator metric,task-level 180-image evaluation,Stage K test,180,NA,NA,1,direct recorded,Level 1,results/validation/stage_k_task_eval_v2/metrics/README.txt,FP16 precision,99320d69eb10112348d792283b008eadd5517e21,Stage K tracked evidence,925903d2f62a638fd0659d5e746ed06056f50bf3cc3bc241791243fd26780f2f,NA,0.634731,0,yes,VERIFIED,K_TRT_FP32_BASELINE/K_TRT_FP16,C6,task-level evaluator; raw Level B limitation,
M_K_TASK_FP16_RECALL,K_TRT_FP16,task_recall_FP16,0.719457,score,higher_is_better,project-local task evaluator metric,task-level 180-image evaluation,Stage K test,180,NA,NA,1,direct recorded,Level 1,results/validation/stage_k_task_eval_v2/metrics/README.txt,FP16 recall,99320d69eb10112348d792283b008eadd5517e21,Stage K tracked evidence,925903d2f62a638fd0659d5e746ed06056f50bf3cc3bc241791243fd26780f2f,NA,0.719457,0,yes,VERIFIED,K_TRT_FP32_BASELINE/K_TRT_FP16,C6,task-level evaluator; raw Level B limitation,
M_K_TASK_FP16_MAP50,K_TRT_FP16,task_mAP50_FP16,0.656024,score,higher_is_better,project-local task evaluator metric,task-level 180-image evaluation,Stage K test,180,NA,NA,1,direct recorded,Level 1,results/validation/stage_k_task_eval_v2/metrics/README.txt,FP16 mAP50,99320d69eb10112348d792283b008eadd5517e21,Stage K tracked evidence,925903d2f62a638fd0659d5e746ed06056f50bf3cc3bc241791243fd26780f2f,NA,0.656024,0,yes,VERIFIED,K_TRT_FP32_BASELINE/K_TRT_FP16,C6,task-level evaluator; raw Level B limitation,
M_R_V2R_GATE_D_PRECISION,R_V2R,Gate_D_precision,0.6912751678,score,higher_is_better,V2R task-level Gate D metric,Stage R Gate D task-level evaluation,Stage R Gate D test,180,NA,NA,1,direct recorded,Level 1,docs/paper/phase0_5/evidence/v2r_gate_d_v1/v2r_task_metrics.json,metrics.v2r.precision,4815a9d129fca1bce6d69926792c05a52f3b3530,Stage R compact plus verified raw archive,910c81dd3cd1f1749377cfb632f0a3471615949c70bf1f863edbf18def6e7a2e,NA,0.6912751678,0,yes,VERIFIED,R_V0/R_V2R/R_V3R,C1;C2,Gate D task-level identity; not raw tensor equivalence,Direct value from compact Gate D task metrics JSON
M_R_V2R_GATE_D_RECALL,R_V2R,Gate_D_recall,0.6990950226,score,higher_is_better,V2R task-level Gate D metric,Stage R Gate D task-level evaluation,Stage R Gate D test,180,NA,NA,1,direct recorded,Level 1,docs/paper/phase0_5/evidence/v2r_gate_d_v1/v2r_task_metrics.json,metrics.v2r.recall,4815a9d129fca1bce6d69926792c05a52f3b3530,Stage R compact plus verified raw archive,910c81dd3cd1f1749377cfb632f0a3471615949c70bf1f863edbf18def6e7a2e,NA,0.6990950226,0,yes,VERIFIED,R_V0/R_V2R/R_V3R,C1;C2,Gate D task-level identity; not raw tensor equivalence,Direct value from compact Gate D task metrics JSON
M_R_V2R_GATE_D_MAP50,R_V2R,Gate_D_mAP50,0.6476254638,score,higher_is_better,V2R task-level Gate D metric,Stage R Gate D task-level evaluation,Stage R Gate D test,180,NA,NA,1,direct recorded,Level 1,docs/paper/phase0_5/evidence/v2r_gate_d_v1/v2r_task_metrics.json,metrics.v2r.mAP50,4815a9d129fca1bce6d69926792c05a52f3b3530,Stage R compact plus verified raw archive,910c81dd3cd1f1749377cfb632f0a3471615949c70bf1f863edbf18def6e7a2e,NA,0.6476254638,0,yes,VERIFIED,R_V0/R_V2R/R_V3R,C1;C2,Gate D task-level identity; not raw tensor equivalence,Direct value from compact Gate D task metrics JSON
M_R_V2R_GATE_D_MAP5095,R_V2R,Gate_D_mAP50_95,0.3523443910,score,higher_is_better,V2R task-level Gate D metric,Stage R Gate D task-level evaluation,Stage R Gate D test,180,NA,NA,1,direct recorded,Level 1,docs/paper/phase0_5/evidence/v2r_gate_d_v1/v2r_task_metrics.json,metrics.v2r.mAP50_95,4815a9d129fca1bce6d69926792c05a52f3b3530,Stage R compact plus verified raw archive,910c81dd3cd1f1749377cfb632f0a3471615949c70bf1f863edbf18def6e7a2e,NA,0.3523443910,0,yes,VERIFIED,R_V0/R_V2R/R_V3R,C1;C2,Gate D task-level identity; not raw tensor equivalence,Direct value from compact Gate D task metrics JSON
M_R_V2R_V0_P95_REDUCTION,R_V2R,p95_latency_reduction_V2R_vs_V0,47.8780,percent,higher_is_better,derived Stage R comparison,common Stage R boundary,variant aggregate pair,2 aggregates,NA,NA,1,derived pairwise comparison,Level 3,docs/paper/phase0_5/PAPER_PHASE0_5D_I2_FORMAL_EXECUTION_REPORT.md,descriptive pairwise ratios,6885dc5c8d1099c34f1cd8d10c4b30426df61daf,Stage R compact plus verified raw archive,3d9ea96fc430a94b090bcd2f9241313df81d5cd82bc7f7bcb7b05f47c95a85ec,(18.8541178-9.82713435)/18.8541178*100,47.8780,0,yes,DERIVED_VERIFIED,same Stage R protocol only,C2,percentage comparison,derived from aggregate P95
M_R_V2R_V0_P99_REDUCTION,R_V2R,p99_latency_reduction_V2R_vs_V0,39.5385,percent,higher_is_better,derived Stage R comparison,common Stage R boundary,variant aggregate pair,2 aggregates,NA,NA,1,derived pairwise comparison,Level 3,docs/paper/phase0_5/PAPER_PHASE0_5D_I2_FORMAL_EXECUTION_REPORT.md,descriptive pairwise ratios,6885dc5c8d1099c34f1cd8d10c4b30426df61daf,Stage R compact plus verified raw archive,3d9ea96fc430a94b090bcd2f9241313df81d5cd82bc7f7bcb7b05f47c95a85ec,(19.06830438-11.52898548)/19.06830438*100,39.5385,0,yes,DERIVED_VERIFIED,same Stage R protocol only,C2,percentage comparison,derived from aggregate P99
M_R_V3R_V0_P95_REDUCTION,R_V3R,p95_latency_reduction_V3R_vs_V0,47.7991,percent,higher_is_better,derived Stage R comparison,common Stage R boundary,variant aggregate pair,2 aggregates,NA,NA,1,derived pairwise comparison,Level 3,docs/paper/phase0_5/PAPER_PHASE0_5D_I2_FORMAL_EXECUTION_REPORT.md,descriptive pairwise ratios,6885dc5c8d1099c34f1cd8d10c4b30426df61daf,Stage R compact plus verified raw archive,3d9ea96fc430a94b090bcd2f9241313df81d5cd82bc7f7bcb7b05f47c95a85ec,(18.8541178-9.8420113)/18.8541178*100,47.7991,0,yes,DERIVED_VERIFIED,same Stage R protocol only,C1,percentage comparison,derived from aggregate P95
M_R_V3R_V0_P99_REDUCTION,R_V3R,p99_latency_reduction_V3R_vs_V0,39.6101,percent,higher_is_better,derived Stage R comparison,common Stage R boundary,variant aggregate pair,2 aggregates,NA,NA,1,derived pairwise comparison,Level 3,docs/paper/phase0_5/PAPER_PHASE0_5D_I2_FORMAL_EXECUTION_REPORT.md,descriptive pairwise ratios,6885dc5c8d1099c34f1cd8d10c4b30426df61daf,Stage R compact plus verified raw archive,3d9ea96fc430a94b090bcd2f9241313df81d5cd82bc7f7bcb7b05f47c95a85ec,(19.06830438-11.5153358)/19.06830438*100,39.6101,0,yes,DERIVED_VERIFIED,same Stage R protocol only,C1,percentage comparison,derived from aggregate P99
M_R_V3R_V0_LAT_REDUCTION,R_V3R,mean_latency_reduction_V3R_vs_V0,57.2493,percent,higher_is_better,derived Stage R comparison,common Stage R boundary,variant aggregate pair,2 aggregates,NA,NA,1,derived pairwise comparison,Level 3,docs/paper/phase0_5/PAPER_PHASE0_5D_I2_FORMAL_EXECUTION_REPORT.md,descriptive pairwise ratios,6885dc5c8d1099c34f1cd8d10c4b30426df61daf,Stage R compact plus verified raw archive,3d9ea96fc430a94b090bcd2f9241313df81d5cd82bc7f7bcb7b05f47c95a85ec,(18.2729918109-7.8118285628)/18.2729918109*100,57.2493,0,yes,DERIVED_VERIFIED,same Stage R protocol only,C1,percentage comparison,derived from aggregate mean latency
M_R_V3R_V2R_LAT_REDUCTION,R_V3R,mean_latency_reduction_V3R_vs_V2R,4.0349,percent,higher_is_better,derived Stage R comparison,common Stage R boundary,variant aggregate pair,2 aggregates,NA,NA,1,derived pairwise comparison,Level 3,docs/paper/phase0_5/PAPER_PHASE0_5D_I2_FORMAL_EXECUTION_REPORT.md,descriptive pairwise ratios,6885dc5c8d1099c34f1cd8d10c4b30426df61daf,Stage R compact plus verified raw archive,3d9ea96fc430a94b090bcd2f9241313df81d5cd82bc7f7bcb7b05f47c95a85ec,(8.1402787896-7.8118285628)/8.1402787896*100,4.0349,0,yes,DERIVED_VERIFIED,same Stage R protocol only,C3,percentage comparison,derived from aggregate mean latency
M_R_V3R_V2R_P99_CHANGE,R_V3R,p99_change_V3R_vs_V2R,-0.1183944591,percent,lower_is_better,percent_change = (optimized - baseline) / baseline * 100; V3R P99 latency vs V2R,common Stage R boundary,variant aggregate pair,2 aggregates,NA,NA,1,derived pairwise comparison,Level 3,docs/paper/phase0_5/PAPER_PHASE0_5D_I2_FORMAL_EXECUTION_REPORT.md,descriptive pairwise ratios,6885dc5c8d1099c34f1cd8d10c4b30426df61daf,Stage R compact plus verified raw archive,3d9ea96fc430a94b090bcd2f9241313df81d5cd82bc7f7bcb7b05f47c95a85ec,(11.51533580-11.52898548)/11.52898548*100,-0.1183944591,0,yes,DERIVED_VERIFIED,same Stage R protocol only,C3,negative means V3R latency decreased/slightly better,V3R P99 is 11.51533580 ms; V2R P99 is 11.52898548 ms
M_TRAIN_SEED7_RANK,TRAINING_FREEZE,selected_seed7_validation_rank,1,count,not_applicable,,NA,training selection record,NA,NA,NA,NA,,Level 2,docs/TRAINING_FINAL_REPORT.md,selection table: seed=7 rank 1,2fddb7f35fd8fcf2a5066fddb2bec0df47b7133e,training evidence patch,33e70a5a9e8d5edbea91bc939f2136eb58b509935be5910e0541282660ee6f0c,NA,1,0,yes,VERIFIED,training records only,C8,engineering selection/disclosure fact; not a significance claim,Rank under frozen engineering selection rule
M_TRAIN_SPLIT_V1_COUNTS,TRAINING_FREEZE,historical_split_v1_counts,1260/360/180,count,not_applicable,,NA,training selection record,NA,NA,NA,NA,,Level 2,docs/TRAINING_FINAL_REPORT.md,historical training record: train/val/test,2fddb7f35fd8fcf2a5066fddb2bec0df47b7133e,training evidence patch,33e70a5a9e8d5edbea91bc939f2136eb58b509935be5910e0541282660ee6f0c,NA,1260/360/180,0,yes,VERIFIED,training records only,C8,engineering selection/disclosure fact; not a significance claim,Historical split disclosure
M_TRAIN_SPLIT_V2_COUNTS,TRAINING_FREEZE,current_split_v2_counts,1260/359/180,count,not_applicable,,NA,training selection record,NA,NA,NA,NA,,Level 2,docs/personal/STAGE_Q_FINAL_REPORT.md,current split-v2: train/val/test,NOT_RECORDED_IN_STAGE_Q_REPORT,Stage Q tracked evidence,d847389ccc0cd597cd8932d602a003829ca12560a086c199c212b1e4c60e1730,NA,1260/359/180,0,yes,VERIFIED,training records only,C8,engineering selection/disclosure fact; not a significance claim,Current evaluation split disclosure
M_R_V2R_V0_FPS_INCREASE,R_V2R,fps_increase_V2R_vs_V0,123.6671,percent,higher_is_better,derived Stage R FPS percent change = (optimized - baseline) / baseline * 100,common Stage R boundary,variant aggregate pair from five raw run files per variant,2 aggregates,60,1080,5 per variant,derived pairwise comparison,Level 3,/home/orin/edge-ai-local-evidence/stage_r/phase0_5d_v0_v2r_v3r_timing_aligned_v1/formal_runs/set_*_v0/metrics.json and formal_runs/set_*_v2r/metrics.json (five files per variant),V2R/V0 aggregate FPS,6885dc5c8d1099c34f1cd8d10c4b30426df61daf,/home/orin/edge-ai-local-evidence/stage_r/phase0_5d_v0_v2r_v3r_timing_aligned_v1/archive_manifest.tsv,e03d4ae1a4cef1e943d4b3dc6b785e90342932623a74db03c223b196b74a7043,(122.1221922222/54.5999763574-1)*100,123.6671,0,yes,DERIVED_VERIFIED,same Stage R protocol only,C2,percentage increase; not total acceleration,V2R over V0
M_R_V3R_V0_FPS_INCREASE,R_V3R,fps_increase_V3R_vs_V0,132.7790,percent,higher_is_better,derived Stage R FPS percent change = (optimized - baseline) / baseline * 100,common Stage R boundary,variant aggregate pair from five raw run files per variant,2 aggregates,60,1080,5 per variant,derived pairwise comparison,Level 3,/home/orin/edge-ai-local-evidence/stage_r/phase0_5d_v0_v2r_v3r_timing_aligned_v1/formal_runs/set_*_v0/metrics.json and formal_runs/set_*_v3r/metrics.json (five files per variant),V3R/V0 aggregate FPS,6885dc5c8d1099c34f1cd8d10c4b30426df61daf,/home/orin/edge-ai-local-evidence/stage_r/phase0_5d_v0_v2r_v3r_timing_aligned_v1/archive_manifest.tsv,e03d4ae1a4cef1e943d4b3dc6b785e90342932623a74db03c223b196b74a7043,(127.0972584510/54.5999763574-1)*100,132.7790,0,yes,DERIVED_VERIFIED,same Stage R protocol only,C1,percentage increase; not total acceleration,V3R over V0 ablation context
