article_claim_id,phase1_claim_id,claim_text,claim_level,research_question,supporting_experiment,supporting_metric_ids,source_authority,article_section,figure_or_table,allowed_wording,prohibited_wording,conditions,limitations,article_disposition
A1,C1,"The frozen Jetson/model/INT8 Engine/workload and common timing interval support a controlled V0/V2R/V3R data-path ablation; the main observed performance benefit enters through the tested CUDA-preprocessing path.",CORE,RQ1,"R_V0;R_V2R;R_V3R","M_R_V0_FPS;M_R_V0_FPS_SD;M_R_V0_LAT_MEAN;M_R_V0_P95;M_R_V0_P99;M_R_V2R_FPS;M_R_V2R_FPS_SD;M_R_V2R_LAT_MEAN;M_R_V2R_P95;M_R_V2R_P99;M_R_V3R_FPS;M_R_V3R_FPS_SD;M_R_V3R_LAT_MEAN;M_R_V3R_P95;M_R_V3R_P99;M_R_V3R_V0_FPS_RATIO;M_R_V3R_V0_FPS_INCREASE;M_R_V3R_V0_LAT_REDUCTION;M_R_V3R_V0_P95_REDUCTION;M_R_V3R_V0_P99_REDUCTION","PAPER_PHASE1_CLAIM_EVIDENCE_MAP_v1.0.md;PAPER_PHASE1_METRIC_PROVENANCE_v1.0.csv;PAPER_PHASE0_5D_I2_FORMAL_EXECUTION_REPORT.md;timing-aligned compact manifest and verified raw archive","1.3;2;3;4.2;5","图1;图2;图3","Under this frozen tested configuration and common boundary, the V0/V2R/V3R comparison isolates the observed data-path effects.","Do not generalize CUDA dominance across hardware/models/workloads; do not present a combined project-wide factor.","Jetson Orin Nano Super;frozen YOLOv8n INT8 Engine;640x640;batch 1;split-v2 180-image replay;common external timing interval;five processes per variant","Offline file-source replay;serialization/file I/O excluded;no power/resource/endurance result;V3R has no independent Gate D",CORE_INCLUDE
A2,C2,"V2R passes the accepted task-level Gate D and, relative to V0 under the timing-aligned protocol, has a frozen FPS ratio of 2.236671x and a frozen mean-latency reduction of 55.4519%.",CORE,RQ2,"R_V0;R_V2R","M_R_V2R_GATE_D_PRECISION;M_R_V2R_GATE_D_RECALL;M_R_V2R_GATE_D_MAP50;M_R_V2R_GATE_D_MAP5095;M_R_V2R_V0_FPS_RATIO;M_R_V2R_V0_FPS_INCREASE;M_R_V2R_V0_LAT_REDUCTION;M_R_V2R_V0_P95_REDUCTION;M_R_V2R_V0_P99_REDUCTION","PAPER_PHASE1_CLAIM_EVIDENCE_MAP_v1.0.md;PAPER_PHASE1_METRIC_PROVENANCE_v1.0.csv;PAPER_V2R_GATE_D_DISPOSITION_v1.0.md;PAPER_PHASE0_5D_I2_FORMAL_EXECUTION_REPORT.md","2.2;2.4;3.3;4.1;4.2;5","表2;图2;图3","V2R is correctness-accepted at task level and provides the primary measured benefit versus V0 in this Stage R protocol.","Do not expand task-level acceptance to raw/bitwise identity; do not multiply this ratio by K/Q/P results.","Frozen Gate D thresholds and postprocess;same Engine/test/timing/lifecycle contract;derived values marked DERIVED_FROM_PHASE1","Correctness acceptance is bounded to the 180-image task evaluation;aggregate performance is descriptive across five processes",CORE_INCLUDE
A3,C3,"V3R provides a limited increment over V2R: 4.0738% higher FPS and 4.0349% lower mean latency; P95 is 0.1514% higher and P99 is 0.1184% lower, so tail behavior is mixed.",CORE,RQ3,"R_V2R;R_V3R","M_R_V3R_V2R_FPS_INCREASE;M_R_V3R_V2R_LAT_REDUCTION;M_R_V3R_V2R_P95_CHANGE;M_R_V3R_V2R_P99_CHANGE","PAPER_PHASE1_CLAIM_EVIDENCE_MAP_v1.0.md;PAPER_PHASE1_METRIC_PROVENANCE_v1.0.csv;PAPER_PHASE0_5D_I2_FORMAL_EXECUTION_REPORT.md;v3r_identity_check.json","2.3;2.4;4.3;4.4;5","图2;图3","Pinned staging improves average FPS and mean latency modestly in this path, while P95/P99 do not show a consistent tail benefit.","Do not claim a uniform tail benefit or a platform-independent pinned-memory result.","V2R and V3R share CUDA preprocessing semantics;host staging memory is the isolated branch factor;derived values marked DERIVED_FROM_PHASE1","Identity inheritance uses shared digests/lifecycle evidence rather than an independent Gate D;small effects may be workload-specific",CORE_INCLUDE
A4,C4,"Stage Q establishes the supporting INT8 PTQ prerequisite: task-level accuracy changes and Q6 performance ratios are reported separately for the frozen FP16/INT8 comparison.",SUPPORTING,RQ0,"Q_TRT_INT8_ACCURACY;Q_TRT_INT8_SERIAL","M_Q_INT8_PRECISION;M_Q_INT8_RECALL;M_Q_INT8_MAP50;M_Q_INT8_MAP5095;M_Q_INT8_MAP5095_DELTA;M_Q_DELTA_PRECISION;M_Q_DELTA_RECALL;M_Q_DELTA_MAP50;M_Q_SERIAL_INFERENCE_SPEEDUP;M_Q_SERIAL_THROUGHPUT_RATIO;M_Q_SERIAL_MEAN_LATENCY_RATIO;M_Q_SERIAL_P95_LATENCY_RATIO","PAPER_PHASE1_CLAIM_EVIDENCE_MAP_v1.0.md;PAPER_PHASE1_METRIC_PROVENANCE_v1.0.csv;STAGE_Q_FINAL_REPORT.md;Q5/Q6 compact JSON","1.2;3.1;4.1","表1;表2","INT8 PTQ is a measured prerequisite with a bounded accuracy/performance trade-off on the tested split and hardware.","Do not state zero accuracy cost;do not merge accuracy and speed into one score;do not combine Q6 and Stage R factors.","Stage Q split-v2 test;Jetson;paired Q5/Q6 protocols;accuracy and performance retain separate definitions","Evaluator-specific task result;legacy TensorRT 10.3 calibration route;thermal status unavailable",SUPPORTING_INCLUDE
A5,C8,"The dataset/model freeze is disclosed through seed-7 rank 1, historical split-v1 1260/360/180, current split-v2 1260/359/180, and the summary-only status of historical matched-control absolute metrics.",SUPPORTING_LIMITATION,RQ4,"TRAINING_FREEZE;PT_ONNX_CONSISTENCY","M_TRAIN_SEED7_RANK;M_TRAIN_SPLIT_V1_COUNTS;M_TRAIN_SPLIT_V2_COUNTS;M_SPLIT_SENSITIVITY_ABSOLUTE_METRICS;M_ONNX_RAW_MAE;M_ONNX_RAW_MAX_ERROR;M_ONNX_BBOX_MAX_ERROR;M_ONNX_CONF_MAX_ERROR","PAPER_PHASE1_CLAIM_EVIDENCE_MAP_v1.0.md;PAPER_PHASE1_GAP_REGISTER_v1.0.md;PAPER_DATASET_SPLIT_SENSITIVITY_FINAL_v1.0.md","1.1;3.2;4.4","表1","Disclose both split versions, unchanged test membership, engineering selection rule, and present-evidence limits.","Do not imply local checkpoint-archive availability or exact historical absolute-metric reproduction.","One historical train/validation image-content duplicate;test membership unchanged;matched-control ranks unchanged","Frozen PT/archive is external;matched-control absolute values are summary-only;no retraining is authorized",SUPPORTING_INCLUDE_WITH_DISCLOSURE
B1,C5,"The bounded Stage P result may explain prior runtime-pipeline context but is not an article result and is not numerically compared with Stage R.",BACKGROUND,RQ0,P_SERIAL_PIPELINE,"M_P_THROUGHPUT_RATIO;M_P_THROUGHPUT_SD","PAPER_PHASE1_CLAIM_EVIDENCE_MAP_v1.0.md;PAPER_PHASE1_METRIC_PROVENANCE_v1.0.csv;STAGE_P_FINAL_REPORT.md","1.2","NONE","Mention Pipeline only as prior bounded throughput-oriented deployment work when needed for system context.","Do not infer single-frame latency or place Stage P throughput in a Stage R performance figure.","Offline pipeline protocol;queue capacity 1;protocol-local comparison only","No real-camera or per-frame latency distribution;thermal telemetry unavailable","BACKGROUND_ONLY;LIMITATION_SUPPORT;NO_CROSS_STAGE_NUMERIC_COMPARISON"
B2,C6,"Stage K FP16 evidence may support backend/precision context and the distinction between accepted task-level behavior and a failed raw Level-B comparison.",BACKGROUND_LIMITATION,RQ0,"K_TRT_FP32_BASELINE;K_TRT_FP16;CORRECTNESS_AND_STABILITY_SUPPORT","M_K_TASK_FP16_MAP5095;M_K_RAW_TENSOR_EQUIVALENCE;M_K7_INFERENCE_SPEEDUP;M_K7_E2E_SPEEDUP;M_K6_DURATION","PAPER_PHASE1_CLAIM_EVIDENCE_MAP_v1.0.md;PAPER_PHASE1_GAP_REGISTER_v1.0.md;combined K5/K6/K7/K8 authority","1.2;2.4;4.4","NONE","Separate task-level acceptance, the verified raw-output failure, and K7 protocol-local performance context.","Do not state that raw FP16 equality passed;do not combine K7 factors with Q/P/R.","K7 strict-FP32 versus FP16 comparison only;correctness layers remain separate","No single dedicated Stage K final report;raw Level B is a verified failure","LIMITATION_SUPPORT;BACKGROUND_ONLY;NO_CROSS_STAGE_NUMERIC_COMPARISON"
B3,C7,"The ONNX Runtime CPU result may establish deployment chronology and bounded stability context but is not directly comparable with Stage R.",BACKGROUND,RQ0,"J_ORT_CPU_BASELINE;CORRECTNESS_AND_STABILITY_SUPPORT","M_J_K1_FPS;M_J_K5_PRE_SINK_FPS;M_J_K5_PROCESS_WALL_FPS;M_J6_DURATION;M_J6_FAILURES;M_J5_5_PER_FRAME_LATENCY","PAPER_PHASE1_CLAIM_EVIDENCE_MAP_v1.0.md;PAPER_PHASE1_GAP_REGISTER_v1.0.md;STAGE_J_FINAL_REPORT.md","1.2;4.4","NONE","Use ORT CPU only as a reproducible deployment reference with its timing boundaries kept separate.","Do not compare J FPS directly with Stage R or infer unavailable J5.5 per-frame percentiles.","Stage J protocol-local facts only","J5.5 lacks per-frame latency;J5.5 and J5.6 boundaries differ;telemetry gaps remain","BACKGROUND_ONLY;LIMITATION_SUPPORT;NO_CROSS_STAGE_NUMERIC_COMPARISON"
G1,C9,"Historical Attempt 2 and V4 are excluded from formal causal conclusions, and independent J/K/Q/P/R ratios cannot be multiplied into one article result.",GUARDRAIL,RQ4,"R_OLD_ATTEMPT2;R_V4_FORMAL;R_V4_OVERLAP_CLAIM",M_R_V4_PERFORMANCE,"PAPER_PHASE1_CLAIM_EVIDENCE_MAP_v1.0.md;PAPER_PHASE1_FINAL_FREEZE_v1.0.md;PAPER_CORE_VALIDITY_AUDIT_v1.0.md","all sections","NONE","State the exclusion decision and keep the audit trail separate from formal evidence.","Do not restore V4 performance/Pareto/overlap conclusions;do not assign OOM causality;do not perform cross-protocol ratio products.","Formal Stage R set is V0/V2R/V3R only","Exclusion is a scope decision and not evidence of a corrected V4 implementation","GUARDRAIL_REQUIRED;EXCLUDED_EVIDENCE_ONLY"
